filename,detected_digits,confidence,engine,debug_images
20250814_112126185_iOS_jpg3.jpg,,0.0,none,C:\Users\Gnanasekar\Downloads\MODELS\Digit_Upright\ALL_UPRIGHT\ocr_debug_images\20250814_112126185_iOS_jpg3_orig.png;C:\Users\Gnanasekar\Downloads\MODELS\Digit_Upright\ALL_UPRIGHT\ocr_debug_images\20250814_112126185_iOS_jpg3_gray.png;C:\Users\Gnanasekar\Downloads\MODELS\Digit_Upright\ALL_UPRIGHT\ocr_debug_images\20250814_112126185_iOS_jpg3_otsu.png;C:\Users\Gnanasekar\Downloads\MODELS\Digit_Upright\ALL_UPRIGHT\ocr_debug_images\20250814_112126185_iOS_jpg3_inv_otsu.png;C:\Users\Gnanasekar\Downloads\MODELS\Digit_Upright\ALL_UPRIGHT\ocr_debug_images\20250814_112126185_iOS_jpg3_adapt_mean.png;C:\Users\Gnanasekar\Downloads\MODELS\Digit_Upright\ALL_UPRIGHT\ocr_debug_images\20250814_112126185_iOS_jpg3_adapt_gauss.png;C:\Users\Gnanasekar\Downloads\MODELS\Digit_Upright\ALL_UPRIGHT\ocr_debug_images\20250814_112126185_iOS_jpg3_adapt_mean_inv.png;C:\Users\Gnanasekar\Downloads\MODELS\Digit_Upright\ALL_UPRIGHT\ocr_debug_images\20250814_112126185_iOS_jpg3_adapt_gauss_inv.png;C:\Users\Gnanasekar\Downloads\MODELS\Digit_Upright\ALL_UPRIGHT\ocr_debug_images\20250814_112126185_iOS_jpg3_ann.png
20250814_112126185_iOS_jpg4.jpg,,0.0,none,C:\Users\Gnanasekar\Downloads\MODELS\Digit_Upright\ALL_UPRIGHT\ocr_debug_images\20250814_112126185_iOS_jpg4_orig.png;C:\Users\Gnanasekar\Downloads\MODELS\Digit_Upright\ALL_UPRIGHT\ocr_debug_images\20250814_112126185_iOS_jpg4_gray.png;C:\Users\Gnanasekar\Downloads\MODELS\Digit_Upright\ALL_UPRIGHT\ocr_debug_images\20250814_112126185_iOS_jpg4_otsu.png;C:\Users\Gnanasekar\Downloads\MODELS\Digit_Upright\ALL_UPRIGHT\ocr_debug_images\20250814_112126185_iOS_jpg4_inv_otsu.png;C:\Users\Gnanasekar\Downloads\MODELS\Digit_Upright\ALL_UPRIGHT\ocr_debug_images\20250814_112126185_iOS_jpg4_adapt_mean.png;C:\Users\Gnanasekar\Downloads\MODELS\Digit_Upright\ALL_UPRIGHT\ocr_debug_images\20250814_112126185_iOS_jpg4_adapt_gauss.png;C:\Users\Gnanasekar\Downloads\MODELS\Digit_Upright\ALL_UPRIGHT\ocr_debug_images\20250814_112126185_iOS_jpg4_adapt_mean_inv.png;C:\Users\Gnanasekar\Downloads\MODELS\Digit_Upright\ALL_UPRIGHT\ocr_debug_images\20250814_112126185_iOS_jpg4_adapt_gauss_inv.png;C:\Users\Gnanasekar\Downloads\MODELS\Digit_Upright\ALL_UPRIGHT\ocr_debug_images\20250814_112126185_iOS_jpg4_ann.png
20250814_112134859_iOS_jpg3.jpg,,0.0,none,C:\Users\Gnanasekar\Downloads\MODELS\Digit_Upright\ALL_UPRIGHT\ocr_debug_images\20250814_112134859_iOS_jpg3_orig.png;C:\Users\Gnanasekar\Downloads\MODELS\Digit_Upright\ALL_UPRIGHT\ocr_debug_images\20250814_112134859_iOS_jpg3_gray.png;C:\Users\Gnanasekar\Downloads\MODELS\Digit_Upright\ALL_UPRIGHT\ocr_debug_images\20250814_112134859_iOS_jpg3_otsu.png;C:\Users\Gnanasekar\Downloads\MODELS\Digit_Upright\ALL_UPRIGHT\ocr_debug_images\20250814_112134859_iOS_jpg3_inv_otsu.png;C:\Users\Gnanasekar\Downloads\MODELS\Digit_Upright\ALL_UPRIGHT\ocr_debug_images\20250814_112134859_iOS_jpg3_adapt_mean.png;C:\Users\Gnanasekar\Downloads\MODELS\Digit_Upright\ALL_UPRIGHT\ocr_debug_images\20250814_112134859_iOS_jpg3_adapt_gauss.png;C:\Users\Gnanasekar\Downloads\MODELS\Digit_Upright\ALL_UPRIGHT\ocr_debug_images\20250814_112134859_iOS_jpg3_adapt_mean_inv.png;C:\Users\Gnanasekar\Downloads\MODELS\Digit_Upright\ALL_UPRIGHT\ocr_debug_images\20250814_112134859_iOS_jpg3_adapt_gauss_inv.png;C:\Users\Gnanasekar\Downloads\MODELS\Digit_Upright\ALL_UPRIGHT\ocr_debug_images\20250814_112134859_iOS_jpg3_ann.png
20250814_112134859_iOS_jpg4.jpg,,0.0,none,C:\Users\Gnanasekar\Downloads\MODELS\Digit_Upright\ALL_UPRIGHT\ocr_debug_images\20250814_112134859_iOS_jpg4_orig.png;C:\Users\Gnanasekar\Downloads\MODELS\Digit_Upright\ALL_UPRIGHT\ocr_debug_images\20250814_112134859_iOS_jpg4_gray.png;C:\Users\Gnanasekar\Downloads\MODELS\Digit_Upright\ALL_UPRIGHT\ocr_debug_images\20250814_112134859_iOS_jpg4_otsu.png;C:\Users\Gnanasekar\Downloads\MODELS\Digit_Upright\ALL_UPRIGHT\ocr_debug_images\20250814_112134859_iOS_jpg4_inv_otsu.png;C:\Users\Gnanasekar\Downloads\MODELS\Digit_Upright\ALL_UPRIGHT\ocr_debug_images\20250814_112134859_iOS_jpg4_adapt_mean.png;C:\Users\Gnanasekar\Downloads\MODELS\Digit_Upright\ALL_UPRIGHT\ocr_debug_images\20250814_112134859_iOS_jpg4_adapt_gauss.png;C:\Users\Gnanasekar\Downloads\MODELS\Digit_Upright\ALL_UPRIGHT\ocr_debug_images\20250814_112134859_iOS_jpg4_adapt_mean_inv.png;C:\Users\Gnanasekar\Downloads\MODELS\Digit_Upright\ALL_UPRIGHT\ocr_debug_images\20250814_112134859_iOS_jpg4_adapt_gauss_inv.png;C:\Users\Gnanasekar\Downloads\MODELS\Digit_Upright\ALL_UPRIGHT\ocr_debug_images\20250814_112134859_iOS_jpg4_ann.png
20250814_112143952_iOS_jpg44.jpg,,0.0,none,C:\Users\Gnanasekar\Downloads\MODELS\Digit_Upright\ALL_UPRIGHT\ocr_debug_images\20250814_112143952_iOS_jpg44_orig.png;C:\Users\Gnanasekar\Downloads\MODELS\Digit_Upright\ALL_UPRIGHT\ocr_debug_images\20250814_112143952_iOS_jpg44_gray.png;C:\Users\Gnanasekar\Downloads\MODELS\Digit_Upright\ALL_UPRIGHT\ocr_debug_images\20250814_112143952_iOS_jpg44_otsu.png;C:\Users\Gnanasekar\Downloads\MODELS\Digit_Upright\ALL_UPRIGHT\ocr_debug_images\20250814_112143952_iOS_jpg44_inv_otsu.png;C:\Users\Gnanasekar\Downloads\MODELS\Digit_Upright\ALL_UPRIGHT\ocr_debug_images\20250814_112143952_iOS_jpg44_adapt_mean.png;C:\Users\Gnanasekar\Downloads\MODELS\Digit_Upright\ALL_UPRIGHT\ocr_debug_images\20250814_112143952_iOS_jpg44_adapt_gauss.png;C:\Users\Gnanasekar\Downloads\MODELS\Digit_Upright\ALL_UPRIGHT\ocr_debug_images\20250814_112143952_iOS_jpg44_adapt_mean_inv.png;C:\Users\Gnanasekar\Downloads\MODELS\Digit_Upright\ALL_UPRIGHT\ocr_debug_images\20250814_112143952_iOS_jpg44_adapt_gauss_inv.png;C:\Users\Gnanasekar\Downloads\MODELS\Digit_Upright\ALL_UPRIGHT\ocr_debug_images\20250814_112143952_iOS_jpg44_ann.png
20250814_112153415_iOS_jpg9.jpg,,0.0,none,C:\Users\Gnanasekar\Downloads\MODELS\Digit_Upright\ALL_UPRIGHT\ocr_debug_images\20250814_112153415_iOS_jpg9_orig.png;C:\Users\Gnanasekar\Downloads\MODELS\Digit_Upright\ALL_UPRIGHT\ocr_debug_images\20250814_112153415_iOS_jpg9_gray.png;C:\Users\Gnanasekar\Downloads\MODELS\Digit_Upright\ALL_UPRIGHT\ocr_debug_images\20250814_112153415_iOS_jpg9_otsu.png;C:\Users\Gnanasekar\Downloads\MODELS\Digit_Upright\ALL_UPRIGHT\ocr_debug_images\20250814_112153415_iOS_jpg9_inv_otsu.png;C:\Users\Gnanasekar\Downloads\MODELS\Digit_Upright\ALL_UPRIGHT\ocr_debug_images\20250814_112153415_iOS_jpg9_adapt_mean.png;C:\Users\Gnanasekar\Downloads\MODELS\Digit_Upright\ALL_UPRIGHT\ocr_debug_images\20250814_112153415_iOS_jpg9_adapt_gauss.png;C:\Users\Gnanasekar\Downloads\MODELS\Digit_Upright\ALL_UPRIGHT\ocr_debug_images\20250814_112153415_iOS_jpg9_adapt_mean_inv.png;C:\Users\Gnanasekar\Downloads\MODELS\Digit_Upright\ALL_UPRIGHT\ocr_debug_images\20250814_112153415_iOS_jpg9_adapt_gauss_inv.png;C:\Users\Gnanasekar\Downloads\MODELS\Digit_Upright\ALL_UPRIGHT\ocr_debug_images\20250814_112153415_iOS_jpg9_ann.png
20250814_112203588_iOS_jpg18.jpg,,0.0,none,C:\Users\Gnanasekar\Downloads\MODELS\Digit_Upright\ALL_UPRIGHT\ocr_debug_images\20250814_112203588_iOS_jpg18_orig.png;C:\Users\Gnanasekar\Downloads\MODELS\Digit_Upright\ALL_UPRIGHT\ocr_debug_images\20250814_112203588_iOS_jpg18_gray.png;C:\Users\Gnanasekar\Downloads\MODELS\Digit_Upright\ALL_UPRIGHT\ocr_debug_images\20250814_112203588_iOS_jpg18_otsu.png;C:\Users\Gnanasekar\Downloads\MODELS\Digit_Upright\ALL_UPRIGHT\ocr_debug_images\20250814_112203588_iOS_jpg18_inv_otsu.png;C:\Users\Gnanasekar\Downloads\MODELS\Digit_Upright\ALL_UPRIGHT\ocr_debug_images\20250814_112203588_iOS_jpg18_adapt_mean.png;C:\Users\Gnanasekar\Downloads\MODELS\Digit_Upright\ALL_UPRIGHT\ocr_debug_images\20250814_112203588_iOS_jpg18_adapt_gauss.png;C:\Users\Gnanasekar\Downloads\MODELS\Digit_Upright\ALL_UPRIGHT\ocr_debug_images\20250814_112203588_iOS_jpg18_adapt_mean_inv.png;C:\Users\Gnanasekar\Downloads\MODELS\Digit_Upright\ALL_UPRIGHT\ocr_debug_images\20250814_112203588_iOS_jpg18_adapt_gauss_inv.png;C:\Users\Gnanasekar\Downloads\MODELS\Digit_Upright\ALL_UPRIGHT\ocr_debug_images\20250814_112203588_iOS_jpg18_ann.png
20250814_112203588_iOS_jpg19.jpg,,0.0,none,C:\Users\Gnanasekar\Downloads\MODELS\Digit_Upright\ALL_UPRIGHT\ocr_debug_images\20250814_112203588_iOS_jpg19_orig.png;C:\Users\Gnanasekar\Downloads\MODELS\Digit_Upright\ALL_UPRIGHT\ocr_debug_images\20250814_112203588_iOS_jpg19_gray.png;C:\Users\Gnanasekar\Downloads\MODELS\Digit_Upright\ALL_UPRIGHT\ocr_debug_images\20250814_112203588_iOS_jpg19_otsu.png;C:\Users\Gnanasekar\Downloads\MODELS\Digit_Upright\ALL_UPRIGHT\ocr_debug_images\20250814_112203588_iOS_jpg19_inv_otsu.png;C:\Users\Gnanasekar\Downloads\MODELS\Digit_Upright\ALL_UPRIGHT\ocr_debug_images\20250814_112203588_iOS_jpg19_adapt_mean.png;C:\Users\Gnanasekar\Downloads\MODELS\Digit_Upright\ALL_UPRIGHT\ocr_debug_images\20250814_112203588_iOS_jpg19_adapt_gauss.png;C:\Users\Gnanasekar\Downloads\MODELS\Digit_Upright\ALL_UPRIGHT\ocr_debug_images\20250814_112203588_iOS_jpg19_adapt_mean_inv.png;C:\Users\Gnanasekar\Downloads\MODELS\Digit_Upright\ALL_UPRIGHT\ocr_debug_images\20250814_112203588_iOS_jpg19_adapt_gauss_inv.png;C:\Users\Gnanasekar\Downloads\MODELS\Digit_Upright\ALL_UPRIGHT\ocr_debug_images\20250814_112203588_iOS_jpg19_ann.png
20250814_112203588_iOS_jpg21.jpg,,0.0,none,C:\Users\Gnanasekar\Downloads\MODELS\Digit_Upright\ALL_UPRIGHT\ocr_debug_images\20250814_112203588_iOS_jpg21_orig.png;C:\Users\Gnanasekar\Downloads\MODELS\Digit_Upright\ALL_UPRIGHT\ocr_debug_images\20250814_112203588_iOS_jpg21_gray.png;C:\Users\Gnanasekar\Downloads\MODELS\Digit_Upright\ALL_UPRIGHT\ocr_debug_images\20250814_112203588_iOS_jpg21_otsu.png;C:\Users\Gnanasekar\Downloads\MODELS\Digit_Upright\ALL_UPRIGHT\ocr_debug_images\20250814_112203588_iOS_jpg21_inv_otsu.png;C:\Users\Gnanasekar\Downloads\MODELS\Digit_Upright\ALL_UPRIGHT\ocr_debug_images\20250814_112203588_iOS_jpg21_adapt_mean.png;C:\Users\Gnanasekar\Downloads\MODELS\Digit_Upright\ALL_UPRIGHT\ocr_debug_images\20250814_112203588_iOS_jpg21_adapt_gauss.png;C:\Users\Gnanasekar\Downloads\MODELS\Digit_Upright\ALL_UPRIGHT\ocr_debug_images\20250814_112203588_iOS_jpg21_adapt_mean_inv.png;C:\Users\Gnanasekar\Downloads\MODELS\Digit_Upright\ALL_UPRIGHT\ocr_debug_images\20250814_112203588_iOS_jpg21_adapt_gauss_inv.png;C:\Users\Gnanasekar\Downloads\MODELS\Digit_Upright\ALL_UPRIGHT\ocr_debug_images\20250814_112203588_iOS_jpg21_ann.png
20250814_112203588_iOS_jpg23.jpg,,0.0,none,C:\Users\Gnanasekar\Downloads\MODELS\Digit_Upright\ALL_UPRIGHT\ocr_debug_images\20250814_112203588_iOS_jpg23_orig.png;C:\Users\Gnanasekar\Downloads\MODELS\Digit_Upright\ALL_UPRIGHT\ocr_debug_images\20250814_112203588_iOS_jpg23_gray.png;C:\Users\Gnanasekar\Downloads\MODELS\Digit_Upright\ALL_UPRIGHT\ocr_debug_images\20250814_112203588_iOS_jpg23_otsu.png;C:\Users\Gnanasekar\Downloads\MODELS\Digit_Upright\ALL_UPRIGHT\ocr_debug_images\20250814_112203588_iOS_jpg23_inv_otsu.png;C:\Users\Gnanasekar\Downloads\MODELS\Digit_Upright\ALL_UPRIGHT\ocr_debug_images\20250814_112203588_iOS_jpg23_adapt_mean.png;C:\Users\Gnanasekar\Downloads\MODELS\Digit_Upright\ALL_UPRIGHT\ocr_debug_images\20250814_112203588_iOS_jpg23_adapt_gauss.png;C:\Users\Gnanasekar\Downloads\MODELS\Digit_Upright\ALL_UPRIGHT\ocr_debug_images\20250814_112203588_iOS_jpg23_adapt_mean_inv.png;C:\Users\Gnanasekar\Downloads\MODELS\Digit_Upright\ALL_UPRIGHT\ocr_debug_images\20250814_112203588_iOS_jpg23_adapt_gauss_inv.png;C:\Users\Gnanasekar\Downloads\MODELS\Digit_Upright\ALL_UPRIGHT\ocr_debug_images\20250814_112203588_iOS_jpg23_ann.png
20250814_112203588_iOS_jpg32.jpg,,0.0,none,C:\Users\Gnanasekar\Downloads\MODELS\Digit_Upright\ALL_UPRIGHT\ocr_debug_images\20250814_112203588_iOS_jpg32_orig.png;C:\Users\Gnanasekar\Downloads\MODELS\Digit_Upright\ALL_UPRIGHT\ocr_debug_images\20250814_112203588_iOS_jpg32_gray.png;C:\Users\Gnanasekar\Downloads\MODELS\Digit_Upright\ALL_UPRIGHT\ocr_debug_images\20250814_112203588_iOS_jpg32_otsu.png;C:\Users\Gnanasekar\Downloads\MODELS\Digit_Upright\ALL_UPRIGHT\ocr_debug_images\20250814_112203588_iOS_jpg32_inv_otsu.png;C:\Users\Gnanasekar\Downloads\MODELS\Digit_Upright\ALL_UPRIGHT\ocr_debug_images\20250814_112203588_iOS_jpg32_adapt_mean.png;C:\Users\Gnanasekar\Downloads\MODELS\Digit_Upright\ALL_UPRIGHT\ocr_debug_images\20250814_112203588_iOS_jpg32_adapt_gauss.png;C:\Users\Gnanasekar\Downloads\MODELS\Digit_Upright\ALL_UPRIGHT\ocr_debug_images\20250814_112203588_iOS_jpg32_adapt_mean_inv.png;C:\Users\Gnanasekar\Downloads\MODELS\Digit_Upright\ALL_UPRIGHT\ocr_debug_images\20250814_112203588_iOS_jpg32_adapt_gauss_inv.png;C:\Users\Gnanasekar\Downloads\MODELS\Digit_Upright\ALL_UPRIGHT\ocr_debug_images\20250814_112203588_iOS_jpg32_ann.png
20250814_112203588_iOS_jpg33.jpg,,0.0,none,C:\Users\Gnanasekar\Downloads\MODELS\Digit_Upright\ALL_UPRIGHT\ocr_debug_images\20250814_112203588_iOS_jpg33_orig.png;C:\Users\Gnanasekar\Downloads\MODELS\Digit_Upright\ALL_UPRIGHT\ocr_debug_images\20250814_112203588_iOS_jpg33_gray.png;C:\Users\Gnanasekar\Downloads\MODELS\Digit_Upright\ALL_UPRIGHT\ocr_debug_images\20250814_112203588_iOS_jpg33_otsu.png;C:\Users\Gnanasekar\Downloads\MODELS\Digit_Upright\ALL_UPRIGHT\ocr_debug_images\20250814_112203588_iOS_jpg33_inv_otsu.png;C:\Users\Gnanasekar\Downloads\MODELS\Digit_Upright\ALL_UPRIGHT\ocr_debug_images\20250814_112203588_iOS_jpg33_adapt_mean.png;C:\Users\Gnanasekar\Downloads\MODELS\Digit_Upright\ALL_UPRIGHT\ocr_debug_images\20250814_112203588_iOS_jpg33_adapt_gauss.png;C:\Users\Gnanasekar\Downloads\MODELS\Digit_Upright\ALL_UPRIGHT\ocr_debug_images\20250814_112203588_iOS_jpg33_adapt_mean_inv.png;C:\Users\Gnanasekar\Downloads\MODELS\Digit_Upright\ALL_UPRIGHT\ocr_debug_images\20250814_112203588_iOS_jpg33_adapt_gauss_inv.png;C:\Users\Gnanasekar\Downloads\MODELS\Digit_Upright\ALL_UPRIGHT\ocr_debug_images\20250814_112203588_iOS_jpg33_ann.png
20250814_112203588_iOS_jpg34.jpg,,0.0,none,C:\Users\Gnanasekar\Downloads\MODELS\Digit_Upright\ALL_UPRIGHT\ocr_debug_images\20250814_112203588_iOS_jpg34_orig.png;C:\Users\Gnanasekar\Downloads\MODELS\Digit_Upright\ALL_UPRIGHT\ocr_debug_images\20250814_112203588_iOS_jpg34_gray.png;C:\Users\Gnanasekar\Downloads\MODELS\Digit_Upright\ALL_UPRIGHT\ocr_debug_images\20250814_112203588_iOS_jpg34_otsu.png;C:\Users\Gnanasekar\Downloads\MODELS\Digit_Upright\ALL_UPRIGHT\ocr_debug_images\20250814_112203588_iOS_jpg34_inv_otsu.png;C:\Users\Gnanasekar\Downloads\MODELS\Digit_Upright\ALL_UPRIGHT\ocr_debug_images\20250814_112203588_iOS_jpg34_adapt_mean.png;C:\Users\Gnanasekar\Downloads\MODELS\Digit_Upright\ALL_UPRIGHT\ocr_debug_images\20250814_112203588_iOS_jpg34_adapt_gauss.png;C:\Users\Gnanasekar\Downloads\MODELS\Digit_Upright\ALL_UPRIGHT\ocr_debug_images\20250814_112203588_iOS_jpg34_adapt_mean_inv.png;C:\Users\Gnanasekar\Downloads\MODELS\Digit_Upright\ALL_UPRIGHT\ocr_debug_images\20250814_112203588_iOS_jpg34_adapt_gauss_inv.png;C:\Users\Gnanasekar\Downloads\MODELS\Digit_Upright\ALL_UPRIGHT\ocr_debug_images\20250814_112203588_iOS_jpg34_ann.png
20250814_112203588_iOS_jpg5.jpg,,0.0,none,C:\Users\Gnanasekar\Downloads\MODELS\Digit_Upright\ALL_UPRIGHT\ocr_debug_images\20250814_112203588_iOS_jpg5_orig.png;C:\Users\Gnanasekar\Downloads\MODELS\Digit_Upright\ALL_UPRIGHT\ocr_debug_images\20250814_112203588_iOS_jpg5_gray.png;C:\Users\Gnanasekar\Downloads\MODELS\Digit_Upright\ALL_UPRIGHT\ocr_debug_images\20250814_112203588_iOS_jpg5_otsu.png;C:\Users\Gnanasekar\Downloads\MODELS\Digit_Upright\ALL_UPRIGHT\ocr_debug_images\20250814_112203588_iOS_jpg5_inv_otsu.png;C:\Users\Gnanasekar\Downloads\MODELS\Digit_Upright\ALL_UPRIGHT\ocr_debug_images\20250814_112203588_iOS_jpg5_adapt_mean.png;C:\Users\Gnanasekar\Downloads\MODELS\Digit_Upright\ALL_UPRIGHT\ocr_debug_images\20250814_112203588_iOS_jpg5_adapt_gauss.png;C:\Users\Gnanasekar\Downloads\MODELS\Digit_Upright\ALL_UPRIGHT\ocr_debug_images\20250814_112203588_iOS_jpg5_adapt_mean_inv.png;C:\Users\Gnanasekar\Downloads\MODELS\Digit_Upright\ALL_UPRIGHT\ocr_debug_images\20250814_112203588_iOS_jpg5_adapt_gauss_inv.png;C:\Users\Gnanasekar\Downloads\MODELS\Digit_Upright\ALL_UPRIGHT\ocr_debug_images\20250814_112203588_iOS_jpg5_ann.png
20250814_112203588_iOS_jpg6.jpg,,0.0,none,C:\Users\Gnanasekar\Downloads\MODELS\Digit_Upright\ALL_UPRIGHT\ocr_debug_images\20250814_112203588_iOS_jpg6_orig.png;C:\Users\Gnanasekar\Downloads\MODELS\Digit_Upright\ALL_UPRIGHT\ocr_debug_images\20250814_112203588_iOS_jpg6_gray.png;C:\Users\Gnanasekar\Downloads\MODELS\Digit_Upright\ALL_UPRIGHT\ocr_debug_images\20250814_112203588_iOS_jpg6_otsu.png;C:\Users\Gnanasekar\Downloads\MODELS\Digit_Upright\ALL_UPRIGHT\ocr_debug_images\20250814_112203588_iOS_jpg6_inv_otsu.png;C:\Users\Gnanasekar\Downloads\MODELS\Digit_Upright\ALL_UPRIGHT\ocr_debug_images\20250814_112203588_iOS_jpg6_adapt_mean.png;C:\Users\Gnanasekar\Downloads\MODELS\Digit_Upright\ALL_UPRIGHT\ocr_debug_images\20250814_112203588_iOS_jpg6_adapt_gauss.png;C:\Users\Gnanasekar\Downloads\MODELS\Digit_Upright\ALL_UPRIGHT\ocr_debug_images\20250814_112203588_iOS_jpg6_adapt_mean_inv.png;C:\Users\Gnanasekar\Downloads\MODELS\Digit_Upright\ALL_UPRIGHT\ocr_debug_images\20250814_112203588_iOS_jpg6_adapt_gauss_inv.png;C:\Users\Gnanasekar\Downloads\MODELS\Digit_Upright\ALL_UPRIGHT\ocr_debug_images\20250814_112203588_iOS_jpg6_ann.png
20250814_112210837_iOS_jpg18.jpg,,0.0,none,C:\Users\Gnanasekar\Downloads\MODELS\Digit_Upright\ALL_UPRIGHT\ocr_debug_images\20250814_112210837_iOS_jpg18_orig.png;C:\Users\Gnanasekar\Downloads\MODELS\Digit_Upright\ALL_UPRIGHT\ocr_debug_images\20250814_112210837_iOS_jpg18_gray.png;C:\Users\Gnanasekar\Downloads\MODELS\Digit_Upright\ALL_UPRIGHT\ocr_debug_images\20250814_112210837_iOS_jpg18_otsu.png;C:\Users\Gnanasekar\Downloads\MODELS\Digit_Upright\ALL_UPRIGHT\ocr_debug_images\20250814_112210837_iOS_jpg18_inv_otsu.png;C:\Users\Gnanasekar\Downloads\MODELS\Digit_Upright\ALL_UPRIGHT\ocr_debug_images\20250814_112210837_iOS_jpg18_adapt_mean.png;C:\Users\Gnanasekar\Downloads\MODELS\Digit_Upright\ALL_UPRIGHT\ocr_debug_images\20250814_112210837_iOS_jpg18_adapt_gauss.png;C:\Users\Gnanasekar\Downloads\MODELS\Digit_Upright\ALL_UPRIGHT\ocr_debug_images\20250814_112210837_iOS_jpg18_adapt_mean_inv.png;C:\Users\Gnanasekar\Downloads\MODELS\Digit_Upright\ALL_UPRIGHT\ocr_debug_images\20250814_112210837_iOS_jpg18_adapt_gauss_inv.png;C:\Users\Gnanasekar\Downloads\MODELS\Digit_Upright\ALL_UPRIGHT\ocr_debug_images\20250814_112210837_iOS_jpg18_ann.png
20250814_112210837_iOS_jpg21.jpg,,0.0,none,C:\Users\Gnanasekar\Downloads\MODELS\Digit_Upright\ALL_UPRIGHT\ocr_debug_images\20250814_112210837_iOS_jpg21_orig.png;C:\Users\Gnanasekar\Downloads\MODELS\Digit_Upright\ALL_UPRIGHT\ocr_debug_images\20250814_112210837_iOS_jpg21_gray.png;C:\Users\Gnanasekar\Downloads\MODELS\Digit_Upright\ALL_UPRIGHT\ocr_debug_images\20250814_112210837_iOS_jpg21_otsu.png;C:\Users\Gnanasekar\Downloads\MODELS\Digit_Upright\ALL_UPRIGHT\ocr_debug_images\20250814_112210837_iOS_jpg21_inv_otsu.png;C:\Users\Gnanasekar\Downloads\MODELS\Digit_Upright\ALL_UPRIGHT\ocr_debug_images\20250814_112210837_iOS_jpg21_adapt_mean.png;C:\Users\Gnanasekar\Downloads\MODELS\Digit_Upright\ALL_UPRIGHT\ocr_debug_images\20250814_112210837_iOS_jpg21_adapt_gauss.png;C:\Users\Gnanasekar\Downloads\MODELS\Digit_Upright\ALL_UPRIGHT\ocr_debug_images\20250814_112210837_iOS_jpg21_adapt_mean_inv.png;C:\Users\Gnanasekar\Downloads\MODELS\Digit_Upright\ALL_UPRIGHT\ocr_debug_images\20250814_112210837_iOS_jpg21_adapt_gauss_inv.png;C:\Users\Gnanasekar\Downloads\MODELS\Digit_Upright\ALL_UPRIGHT\ocr_debug_images\20250814_112210837_iOS_jpg21_ann.png
20250814_112218631_iOS_jpg4.jpg,,0.0,none,C:\Users\Gnanasekar\Downloads\MODELS\Digit_Upright\ALL_UPRIGHT\ocr_debug_images\20250814_112218631_iOS_jpg4_orig.png;C:\Users\Gnanasekar\Downloads\MODELS\Digit_Upright\ALL_UPRIGHT\ocr_debug_images\20250814_112218631_iOS_jpg4_gray.png;C:\Users\Gnanasekar\Downloads\MODELS\Digit_Upright\ALL_UPRIGHT\ocr_debug_images\20250814_112218631_iOS_jpg4_otsu.png;C:\Users\Gnanasekar\Downloads\MODELS\Digit_Upright\ALL_UPRIGHT\ocr_debug_images\20250814_112218631_iOS_jpg4_inv_otsu.png;C:\Users\Gnanasekar\Downloads\MODELS\Digit_Upright\ALL_UPRIGHT\ocr_debug_images\20250814_112218631_iOS_jpg4_adapt_mean.png;C:\Users\Gnanasekar\Downloads\MODELS\Digit_Upright\ALL_UPRIGHT\ocr_debug_images\20250814_112218631_iOS_jpg4_adapt_gauss.png;C:\Users\Gnanasekar\Downloads\MODELS\Digit_Upright\ALL_UPRIGHT\ocr_debug_images\20250814_112218631_iOS_jpg4_adapt_mean_inv.png;C:\Users\Gnanasekar\Downloads\MODELS\Digit_Upright\ALL_UPRIGHT\ocr_debug_images\20250814_112218631_iOS_jpg4_adapt_gauss_inv.png;C:\Users\Gnanasekar\Downloads\MODELS\Digit_Upright\ALL_UPRIGHT\ocr_debug_images\20250814_112218631_iOS_jpg4_ann.png
20250814_112218631_iOS_jpg5.jpg,,0.0,none,C:\Users\Gnanasekar\Downloads\MODELS\Digit_Upright\ALL_UPRIGHT\ocr_debug_images\20250814_112218631_iOS_jpg5_orig.png;C:\Users\Gnanasekar\Downloads\MODELS\Digit_Upright\ALL_UPRIGHT\ocr_debug_images\20250814_112218631_iOS_jpg5_gray.png;C:\Users\Gnanasekar\Downloads\MODELS\Digit_Upright\ALL_UPRIGHT\ocr_debug_images\20250814_112218631_iOS_jpg5_otsu.png;C:\Users\Gnanasekar\Downloads\MODELS\Digit_Upright\ALL_UPRIGHT\ocr_debug_images\20250814_112218631_iOS_jpg5_inv_otsu.png;C:\Users\Gnanasekar\Downloads\MODELS\Digit_Upright\ALL_UPRIGHT\ocr_debug_images\20250814_112218631_iOS_jpg5_adapt_mean.png;C:\Users\Gnanasekar\Downloads\MODELS\Digit_Upright\ALL_UPRIGHT\ocr_debug_images\20250814_112218631_iOS_jpg5_adapt_gauss.png;C:\Users\Gnanasekar\Downloads\MODELS\Digit_Upright\ALL_UPRIGHT\ocr_debug_images\20250814_112218631_iOS_jpg5_adapt_mean_inv.png;C:\Users\Gnanasekar\Downloads\MODELS\Digit_Upright\ALL_UPRIGHT\ocr_debug_images\20250814_112218631_iOS_jpg5_adapt_gauss_inv.png;C:\Users\Gnanasekar\Downloads\MODELS\Digit_Upright\ALL_UPRIGHT\ocr_debug_images\20250814_112218631_iOS_jpg5_ann.png
20250814_112224368_iOS_jpg21.jpg,,0.0,none,C:\Users\Gnanasekar\Downloads\MODELS\Digit_Upright\ALL_UPRIGHT\ocr_debug_images\20250814_112224368_iOS_jpg21_orig.png;C:\Users\Gnanasekar\Downloads\MODELS\Digit_Upright\ALL_UPRIGHT\ocr_debug_images\20250814_112224368_iOS_jpg21_gray.png;C:\Users\Gnanasekar\Downloads\MODELS\Digit_Upright\ALL_UPRIGHT\ocr_debug_images\20250814_112224368_iOS_jpg21_otsu.png;C:\Users\Gnanasekar\Downloads\MODELS\Digit_Upright\ALL_UPRIGHT\ocr_debug_images\20250814_112224368_iOS_jpg21_inv_otsu.png;C:\Users\Gnanasekar\Downloads\MODELS\Digit_Upright\ALL_UPRIGHT\ocr_debug_images\20250814_112224368_iOS_jpg21_adapt_mean.png;C:\Users\Gnanasekar\Downloads\MODELS\Digit_Upright\ALL_UPRIGHT\ocr_debug_images\20250814_112224368_iOS_jpg21_adapt_gauss.png;C:\Users\Gnanasekar\Downloads\MODELS\Digit_Upright\ALL_UPRIGHT\ocr_debug_images\20250814_112224368_iOS_jpg21_adapt_mean_inv.png;C:\Users\Gnanasekar\Downloads\MODELS\Digit_Upright\ALL_UPRIGHT\ocr_debug_images\20250814_112224368_iOS_jpg21_adapt_gauss_inv.png;C:\Users\Gnanasekar\Downloads\MODELS\Digit_Upright\ALL_UPRIGHT\ocr_debug_images\20250814_112224368_iOS_jpg21_ann.png
20250814_112506111_iOS_jpg.jpg,,0.0,none,C:\Users\Gnanasekar\Downloads\MODELS\Digit_Upright\ALL_UPRIGHT\ocr_debug_images\20250814_112506111_iOS_jpg_orig.png;C:\Users\Gnanasekar\Downloads\MODELS\Digit_Upright\ALL_UPRIGHT\ocr_debug_images\20250814_112506111_iOS_jpg_gray.png;C:\Users\Gnanasekar\Downloads\MODELS\Digit_Upright\ALL_UPRIGHT\ocr_debug_images\20250814_112506111_iOS_jpg_otsu.png;C:\Users\Gnanasekar\Downloads\MODELS\Digit_Upright\ALL_UPRIGHT\ocr_debug_images\20250814_112506111_iOS_jpg_inv_otsu.png;C:\Users\Gnanasekar\Downloads\MODELS\Digit_Upright\ALL_UPRIGHT\ocr_debug_images\20250814_112506111_iOS_jpg_adapt_mean.png;C:\Users\Gnanasekar\Downloads\MODELS\Digit_Upright\ALL_UPRIGHT\ocr_debug_images\20250814_112506111_iOS_jpg_adapt_gauss.png;C:\Users\Gnanasekar\Downloads\MODELS\Digit_Upright\ALL_UPRIGHT\ocr_debug_images\20250814_112506111_iOS_jpg_adapt_mean_inv.png;C:\Users\Gnanasekar\Downloads\MODELS\Digit_Upright\ALL_UPRIGHT\ocr_debug_images\20250814_112506111_iOS_jpg_adapt_gauss_inv.png;C:\Users\Gnanasekar\Downloads\MODELS\Digit_Upright\ALL_UPRIGHT\ocr_debug_images\20250814_112506111_iOS_jpg_ann.png
20250814_112506111_iOS_jpg16.jpg,,0.0,none,C:\Users\Gnanasekar\Downloads\MODELS\Digit_Upright\ALL_UPRIGHT\ocr_debug_images\20250814_112506111_iOS_jpg16_orig.png;C:\Users\Gnanasekar\Downloads\MODELS\Digit_Upright\ALL_UPRIGHT\ocr_debug_images\20250814_112506111_iOS_jpg16_gray.png;C:\Users\Gnanasekar\Downloads\MODELS\Digit_Upright\ALL_UPRIGHT\ocr_debug_images\20250814_112506111_iOS_jpg16_otsu.png;C:\Users\Gnanasekar\Downloads\MODELS\Digit_Upright\ALL_UPRIGHT\ocr_debug_images\20250814_112506111_iOS_jpg16_inv_otsu.png;C:\Users\Gnanasekar\Downloads\MODELS\Digit_Upright\ALL_UPRIGHT\ocr_debug_images\20250814_112506111_iOS_jpg16_adapt_mean.png;C:\Users\Gnanasekar\Downloads\MODELS\Digit_Upright\ALL_UPRIGHT\ocr_debug_images\20250814_112506111_iOS_jpg16_adapt_gauss.png;C:\Users\Gnanasekar\Downloads\MODELS\Digit_Upright\ALL_UPRIGHT\ocr_debug_images\20250814_112506111_iOS_jpg16_adapt_mean_inv.png;C:\Users\Gnanasekar\Downloads\MODELS\Digit_Upright\ALL_UPRIGHT\ocr_debug_images\20250814_112506111_iOS_jpg16_adapt_gauss_inv.png;C:\Users\Gnanasekar\Downloads\MODELS\Digit_Upright\ALL_UPRIGHT\ocr_debug_images\20250814_112506111_iOS_jpg16_ann.png
20250814_112506111_iOS_jpg17.jpg,,0.0,none,C:\Users\Gnanasekar\Downloads\MODELS\Digit_Upright\ALL_UPRIGHT\ocr_debug_images\20250814_112506111_iOS_jpg17_orig.png;C:\Users\Gnanasekar\Downloads\MODELS\Digit_Upright\ALL_UPRIGHT\ocr_debug_images\20250814_112506111_iOS_jpg17_gray.png;C:\Users\Gnanasekar\Downloads\MODELS\Digit_Upright\ALL_UPRIGHT\ocr_debug_images\20250814_112506111_iOS_jpg17_otsu.png;C:\Users\Gnanasekar\Downloads\MODELS\Digit_Upright\ALL_UPRIGHT\ocr_debug_images\20250814_112506111_iOS_jpg17_inv_otsu.png;C:\Users\Gnanasekar\Downloads\MODELS\Digit_Upright\ALL_UPRIGHT\ocr_debug_images\20250814_112506111_iOS_jpg17_adapt_mean.png;C:\Users\Gnanasekar\Downloads\MODELS\Digit_Upright\ALL_UPRIGHT\ocr_debug_images\20250814_112506111_iOS_jpg17_adapt_gauss.png;C:\Users\Gnanasekar\Downloads\MODELS\Digit_Upright\ALL_UPRIGHT\ocr_debug_images\20250814_112506111_iOS_jpg17_adapt_mean_inv.png;C:\Users\Gnanasekar\Downloads\MODELS\Digit_Upright\ALL_UPRIGHT\ocr_debug_images\20250814_112506111_iOS_jpg17_adapt_gauss_inv.png;C:\Users\Gnanasekar\Downloads\MODELS\Digit_Upright\ALL_UPRIGHT\ocr_debug_images\20250814_112506111_iOS_jpg17_ann.png
20250814_112506111_iOS_jpg18.jpg,,0.0,none,C:\Users\Gnanasekar\Downloads\MODELS\Digit_Upright\ALL_UPRIGHT\ocr_debug_images\20250814_112506111_iOS_jpg18_orig.png;C:\Users\Gnanasekar\Downloads\MODELS\Digit_Upright\ALL_UPRIGHT\ocr_debug_images\20250814_112506111_iOS_jpg18_gray.png;C:\Users\Gnanasekar\Downloads\MODELS\Digit_Upright\ALL_UPRIGHT\ocr_debug_images\20250814_112506111_iOS_jpg18_otsu.png;C:\Users\Gnanasekar\Downloads\MODELS\Digit_Upright\ALL_UPRIGHT\ocr_debug_images\20250814_112506111_iOS_jpg18_inv_otsu.png;C:\Users\Gnanasekar\Downloads\MODELS\Digit_Upright\ALL_UPRIGHT\ocr_debug_images\20250814_112506111_iOS_jpg18_adapt_mean.png;C:\Users\Gnanasekar\Downloads\MODELS\Digit_Upright\ALL_UPRIGHT\ocr_debug_images\20250814_112506111_iOS_jpg18_adapt_gauss.png;C:\Users\Gnanasekar\Downloads\MODELS\Digit_Upright\ALL_UPRIGHT\ocr_debug_images\20250814_112506111_iOS_jpg18_adapt_mean_inv.png;C:\Users\Gnanasekar\Downloads\MODELS\Digit_Upright\ALL_UPRIGHT\ocr_debug_images\20250814_112506111_iOS_jpg18_adapt_gauss_inv.png;C:\Users\Gnanasekar\Downloads\MODELS\Digit_Upright\ALL_UPRIGHT\ocr_debug_images\20250814_112506111_iOS_jpg18_ann.png
20250814_112506111_iOS_jpg19.jpg,,0.0,none,C:\Users\Gnanasekar\Downloads\MODELS\Digit_Upright\ALL_UPRIGHT\ocr_debug_images\20250814_112506111_iOS_jpg19_orig.png;C:\Users\Gnanasekar\Downloads\MODELS\Digit_Upright\ALL_UPRIGHT\ocr_debug_images\20250814_112506111_iOS_jpg19_gray.png;C:\Users\Gnanasekar\Downloads\MODELS\Digit_Upright\ALL_UPRIGHT\ocr_debug_images\20250814_112506111_iOS_jpg19_otsu.png;C:\Users\Gnanasekar\Downloads\MODELS\Digit_Upright\ALL_UPRIGHT\ocr_debug_images\20250814_112506111_iOS_jpg19_inv_otsu.png;C:\Users\Gnanasekar\Downloads\MODELS\Digit_Upright\ALL_UPRIGHT\ocr_debug_images\20250814_112506111_iOS_jpg19_adapt_mean.png;C:\Users\Gnanasekar\Downloads\MODELS\Digit_Upright\ALL_UPRIGHT\ocr_debug_images\20250814_112506111_iOS_jpg19_adapt_gauss.png;C:\Users\Gnanasekar\Downloads\MODELS\Digit_Upright\ALL_UPRIGHT\ocr_debug_images\20250814_112506111_iOS_jpg19_adapt_mean_inv.png;C:\Users\Gnanasekar\Downloads\MODELS\Digit_Upright\ALL_UPRIGHT\ocr_debug_images\20250814_112506111_iOS_jpg19_adapt_gauss_inv.png;C:\Users\Gnanasekar\Downloads\MODELS\Digit_Upright\ALL_UPRIGHT\ocr_debug_images\20250814_112506111_iOS_jpg19_ann.png
20250814_112506111_iOS_jpg2.jpg,,0.0,none,C:\Users\Gnanasekar\Downloads\MODELS\Digit_Upright\ALL_UPRIGHT\ocr_debug_images\20250814_112506111_iOS_jpg2_orig.png;C:\Users\Gnanasekar\Downloads\MODELS\Digit_Upright\ALL_UPRIGHT\ocr_debug_images\20250814_112506111_iOS_jpg2_gray.png;C:\Users\Gnanasekar\Downloads\MODELS\Digit_Upright\ALL_UPRIGHT\ocr_debug_images\20250814_112506111_iOS_jpg2_otsu.png;C:\Users\Gnanasekar\Downloads\MODELS\Digit_Upright\ALL_UPRIGHT\ocr_debug_images\20250814_112506111_iOS_jpg2_inv_otsu.png;C:\Users\Gnanasekar\Downloads\MODELS\Digit_Upright\ALL_UPRIGHT\ocr_debug_images\20250814_112506111_iOS_jpg2_adapt_mean.png;C:\Users\Gnanasekar\Downloads\MODELS\Digit_Upright\ALL_UPRIGHT\ocr_debug_images\20250814_112506111_iOS_jpg2_adapt_gauss.png;C:\Users\Gnanasekar\Downloads\MODELS\Digit_Upright\ALL_UPRIGHT\ocr_debug_images\20250814_112506111_iOS_jpg2_adapt_mean_inv.png;C:\Users\Gnanasekar\Downloads\MODELS\Digit_Upright\ALL_UPRIGHT\ocr_debug_images\20250814_112506111_iOS_jpg2_adapt_gauss_inv.png;C:\Users\Gnanasekar\Downloads\MODELS\Digit_Upright\ALL_UPRIGHT\ocr_debug_images\20250814_112506111_iOS_jpg2_ann.png
20250814_112506111_iOS_jpg20.jpg,,0.0,none,C:\Users\Gnanasekar\Downloads\MODELS\Digit_Upright\ALL_UPRIGHT\ocr_debug_images\20250814_112506111_iOS_jpg20_orig.png;C:\Users\Gnanasekar\Downloads\MODELS\Digit_Upright\ALL_UPRIGHT\ocr_debug_images\20250814_112506111_iOS_jpg20_gray.png;C:\Users\Gnanasekar\Downloads\MODELS\Digit_Upright\ALL_UPRIGHT\ocr_debug_images\20250814_112506111_iOS_jpg20_otsu.png;C:\Users\Gnanasekar\Downloads\MODELS\Digit_Upright\ALL_UPRIGHT\ocr_debug_images\20250814_112506111_iOS_jpg20_inv_otsu.png;C:\Users\Gnanasekar\Downloads\MODELS\Digit_Upright\ALL_UPRIGHT\ocr_debug_images\20250814_112506111_iOS_jpg20_adapt_mean.png;C:\Users\Gnanasekar\Downloads\MODELS\Digit_Upright\ALL_UPRIGHT\ocr_debug_images\20250814_112506111_iOS_jpg20_adapt_gauss.png;C:\Users\Gnanasekar\Downloads\MODELS\Digit_Upright\ALL_UPRIGHT\ocr_debug_images\20250814_112506111_iOS_jpg20_adapt_mean_inv.png;C:\Users\Gnanasekar\Downloads\MODELS\Digit_Upright\ALL_UPRIGHT\ocr_debug_images\20250814_112506111_iOS_jpg20_adapt_gauss_inv.png;C:\Users\Gnanasekar\Downloads\MODELS\Digit_Upright\ALL_UPRIGHT\ocr_debug_images\20250814_112506111_iOS_jpg20_ann.png
20250814_112508305_iOS_jpg7.jpg,,0.0,none,C:\Users\Gnanasekar\Downloads\MODELS\Digit_Upright\ALL_UPRIGHT\ocr_debug_images\20250814_112508305_iOS_jpg7_orig.png;C:\Users\Gnanasekar\Downloads\MODELS\Digit_Upright\ALL_UPRIGHT\ocr_debug_images\20250814_112508305_iOS_jpg7_gray.png;C:\Users\Gnanasekar\Downloads\MODELS\Digit_Upright\ALL_UPRIGHT\ocr_debug_images\20250814_112508305_iOS_jpg7_otsu.png;C:\Users\Gnanasekar\Downloads\MODELS\Digit_Upright\ALL_UPRIGHT\ocr_debug_images\20250814_112508305_iOS_jpg7_inv_otsu.png;C:\Users\Gnanasekar\Downloads\MODELS\Digit_Upright\ALL_UPRIGHT\ocr_debug_images\20250814_112508305_iOS_jpg7_adapt_mean.png;C:\Users\Gnanasekar\Downloads\MODELS\Digit_Upright\ALL_UPRIGHT\ocr_debug_images\20250814_112508305_iOS_jpg7_adapt_gauss.png;C:\Users\Gnanasekar\Downloads\MODELS\Digit_Upright\ALL_UPRIGHT\ocr_debug_images\20250814_112508305_iOS_jpg7_adapt_mean_inv.png;C:\Users\Gnanasekar\Downloads\MODELS\Digit_Upright\ALL_UPRIGHT\ocr_debug_images\20250814_112508305_iOS_jpg7_adapt_gauss_inv.png;C:\Users\Gnanasekar\Downloads\MODELS\Digit_Upright\ALL_UPRIGHT\ocr_debug_images\20250814_112508305_iOS_jpg7_ann.png
20250814_112508305_iOS_jpg9.jpg,,0.0,none,C:\Users\Gnanasekar\Downloads\MODELS\Digit_Upright\ALL_UPRIGHT\ocr_debug_images\20250814_112508305_iOS_jpg9_orig.png;C:\Users\Gnanasekar\Downloads\MODELS\Digit_Upright\ALL_UPRIGHT\ocr_debug_images\20250814_112508305_iOS_jpg9_gray.png;C:\Users\Gnanasekar\Downloads\MODELS\Digit_Upright\ALL_UPRIGHT\ocr_debug_images\20250814_112508305_iOS_jpg9_otsu.png;C:\Users\Gnanasekar\Downloads\MODELS\Digit_Upright\ALL_UPRIGHT\ocr_debug_images\20250814_112508305_iOS_jpg9_inv_otsu.png;C:\Users\Gnanasekar\Downloads\MODELS\Digit_Upright\ALL_UPRIGHT\ocr_debug_images\20250814_112508305_iOS_jpg9_adapt_mean.png;C:\Users\Gnanasekar\Downloads\MODELS\Digit_Upright\ALL_UPRIGHT\ocr_debug_images\20250814_112508305_iOS_jpg9_adapt_gauss.png;C:\Users\Gnanasekar\Downloads\MODELS\Digit_Upright\ALL_UPRIGHT\ocr_debug_images\20250814_112508305_iOS_jpg9_adapt_mean_inv.png;C:\Users\Gnanasekar\Downloads\MODELS\Digit_Upright\ALL_UPRIGHT\ocr_debug_images\20250814_112508305_iOS_jpg9_adapt_gauss_inv.png;C:\Users\Gnanasekar\Downloads\MODELS\Digit_Upright\ALL_UPRIGHT\ocr_debug_images\20250814_112508305_iOS_jpg9_ann.png
20250814_112514946_iOS_jpg15.jpg,,0.0,none,C:\Users\Gnanasekar\Downloads\MODELS\Digit_Upright\ALL_UPRIGHT\ocr_debug_images\20250814_112514946_iOS_jpg15_orig.png;C:\Users\Gnanasekar\Downloads\MODELS\Digit_Upright\ALL_UPRIGHT\ocr_debug_images\20250814_112514946_iOS_jpg15_gray.png;C:\Users\Gnanasekar\Downloads\MODELS\Digit_Upright\ALL_UPRIGHT\ocr_debug_images\20250814_112514946_iOS_jpg15_otsu.png;C:\Users\Gnanasekar\Downloads\MODELS\Digit_Upright\ALL_UPRIGHT\ocr_debug_images\20250814_112514946_iOS_jpg15_inv_otsu.png;C:\Users\Gnanasekar\Downloads\MODELS\Digit_Upright\ALL_UPRIGHT\ocr_debug_images\20250814_112514946_iOS_jpg15_adapt_mean.png;C:\Users\Gnanasekar\Downloads\MODELS\Digit_Upright\ALL_UPRIGHT\ocr_debug_images\20250814_112514946_iOS_jpg15_adapt_gauss.png;C:\Users\Gnanasekar\Downloads\MODELS\Digit_Upright\ALL_UPRIGHT\ocr_debug_images\20250814_112514946_iOS_jpg15_adapt_mean_inv.png;C:\Users\Gnanasekar\Downloads\MODELS\Digit_Upright\ALL_UPRIGHT\ocr_debug_images\20250814_112514946_iOS_jpg15_adapt_gauss_inv.png;C:\Users\Gnanasekar\Downloads\MODELS\Digit_Upright\ALL_UPRIGHT\ocr_debug_images\20250814_112514946_iOS_jpg15_ann.png
20250814_112514946_iOS_jpg16.jpg,,0.0,none,C:\Users\Gnanasekar\Downloads\MODELS\Digit_Upright\ALL_UPRIGHT\ocr_debug_images\20250814_112514946_iOS_jpg16_orig.png;C:\Users\Gnanasekar\Downloads\MODELS\Digit_Upright\ALL_UPRIGHT\ocr_debug_images\20250814_112514946_iOS_jpg16_gray.png;C:\Users\Gnanasekar\Downloads\MODELS\Digit_Upright\ALL_UPRIGHT\ocr_debug_images\20250814_112514946_iOS_jpg16_otsu.png;C:\Users\Gnanasekar\Downloads\MODELS\Digit_Upright\ALL_UPRIGHT\ocr_debug_images\20250814_112514946_iOS_jpg16_inv_otsu.png;C:\Users\Gnanasekar\Downloads\MODELS\Digit_Upright\ALL_UPRIGHT\ocr_debug_images\20250814_112514946_iOS_jpg16_adapt_mean.png;C:\Users\Gnanasekar\Downloads\MODELS\Digit_Upright\ALL_UPRIGHT\ocr_debug_images\20250814_112514946_iOS_jpg16_adapt_gauss.png;C:\Users\Gnanasekar\Downloads\MODELS\Digit_Upright\ALL_UPRIGHT\ocr_debug_images\20250814_112514946_iOS_jpg16_adapt_mean_inv.png;C:\Users\Gnanasekar\Downloads\MODELS\Digit_Upright\ALL_UPRIGHT\ocr_debug_images\20250814_112514946_iOS_jpg16_adapt_gauss_inv.png;C:\Users\Gnanasekar\Downloads\MODELS\Digit_Upright\ALL_UPRIGHT\ocr_debug_images\20250814_112514946_iOS_jpg16_ann.png
20250814_112514946_iOS_jpg17.jpg,,0.0,none,C:\Users\Gnanasekar\Downloads\MODELS\Digit_Upright\ALL_UPRIGHT\ocr_debug_images\20250814_112514946_iOS_jpg17_orig.png;C:\Users\Gnanasekar\Downloads\MODELS\Digit_Upright\ALL_UPRIGHT\ocr_debug_images\20250814_112514946_iOS_jpg17_gray.png;C:\Users\Gnanasekar\Downloads\MODELS\Digit_Upright\ALL_UPRIGHT\ocr_debug_images\20250814_112514946_iOS_jpg17_otsu.png;C:\Users\Gnanasekar\Downloads\MODELS\Digit_Upright\ALL_UPRIGHT\ocr_debug_images\20250814_112514946_iOS_jpg17_inv_otsu.png;C:\Users\Gnanasekar\Downloads\MODELS\Digit_Upright\ALL_UPRIGHT\ocr_debug_images\20250814_112514946_iOS_jpg17_adapt_mean.png;C:\Users\Gnanasekar\Downloads\MODELS\Digit_Upright\ALL_UPRIGHT\ocr_debug_images\20250814_112514946_iOS_jpg17_adapt_gauss.png;C:\Users\Gnanasekar\Downloads\MODELS\Digit_Upright\ALL_UPRIGHT\ocr_debug_images\20250814_112514946_iOS_jpg17_adapt_mean_inv.png;C:\Users\Gnanasekar\Downloads\MODELS\Digit_Upright\ALL_UPRIGHT\ocr_debug_images\20250814_112514946_iOS_jpg17_adapt_gauss_inv.png;C:\Users\Gnanasekar\Downloads\MODELS\Digit_Upright\ALL_UPRIGHT\ocr_debug_images\20250814_112514946_iOS_jpg17_ann.png
20250814_112514946_iOS_jpg18.jpg,,0.0,none,C:\Users\Gnanasekar\Downloads\MODELS\Digit_Upright\ALL_UPRIGHT\ocr_debug_images\20250814_112514946_iOS_jpg18_orig.png;C:\Users\Gnanasekar\Downloads\MODELS\Digit_Upright\ALL_UPRIGHT\ocr_debug_images\20250814_112514946_iOS_jpg18_gray.png;C:\Users\Gnanasekar\Downloads\MODELS\Digit_Upright\ALL_UPRIGHT\ocr_debug_images\20250814_112514946_iOS_jpg18_otsu.png;C:\Users\Gnanasekar\Downloads\MODELS\Digit_Upright\ALL_UPRIGHT\ocr_debug_images\20250814_112514946_iOS_jpg18_inv_otsu.png;C:\Users\Gnanasekar\Downloads\MODELS\Digit_Upright\ALL_UPRIGHT\ocr_debug_images\20250814_112514946_iOS_jpg18_adapt_mean.png;C:\Users\Gnanasekar\Downloads\MODELS\Digit_Upright\ALL_UPRIGHT\ocr_debug_images\20250814_112514946_iOS_jpg18_adapt_gauss.png;C:\Users\Gnanasekar\Downloads\MODELS\Digit_Upright\ALL_UPRIGHT\ocr_debug_images\20250814_112514946_iOS_jpg18_adapt_mean_inv.png;C:\Users\Gnanasekar\Downloads\MODELS\Digit_Upright\ALL_UPRIGHT\ocr_debug_images\20250814_112514946_iOS_jpg18_adapt_gauss_inv.png;C:\Users\Gnanasekar\Downloads\MODELS\Digit_Upright\ALL_UPRIGHT\ocr_debug_images\20250814_112514946_iOS_jpg18_ann.png
20250814_112514946_iOS_jpg19.jpg,,0.0,none,C:\Users\Gnanasekar\Downloads\MODELS\Digit_Upright\ALL_UPRIGHT\ocr_debug_images\20250814_112514946_iOS_jpg19_orig.png;C:\Users\Gnanasekar\Downloads\MODELS\Digit_Upright\ALL_UPRIGHT\ocr_debug_images\20250814_112514946_iOS_jpg19_gray.png;C:\Users\Gnanasekar\Downloads\MODELS\Digit_Upright\ALL_UPRIGHT\ocr_debug_images\20250814_112514946_iOS_jpg19_otsu.png;C:\Users\Gnanasekar\Downloads\MODELS\Digit_Upright\ALL_UPRIGHT\ocr_debug_images\20250814_112514946_iOS_jpg19_inv_otsu.png;C:\Users\Gnanasekar\Downloads\MODELS\Digit_Upright\ALL_UPRIGHT\ocr_debug_images\20250814_112514946_iOS_jpg19_adapt_mean.png;C:\Users\Gnanasekar\Downloads\MODELS\Digit_Upright\ALL_UPRIGHT\ocr_debug_images\20250814_112514946_iOS_jpg19_adapt_gauss.png;C:\Users\Gnanasekar\Downloads\MODELS\Digit_Upright\ALL_UPRIGHT\ocr_debug_images\20250814_112514946_iOS_jpg19_adapt_mean_inv.png;C:\Users\Gnanasekar\Downloads\MODELS\Digit_Upright\ALL_UPRIGHT\ocr_debug_images\20250814_112514946_iOS_jpg19_adapt_gauss_inv.png;C:\Users\Gnanasekar\Downloads\MODELS\Digit_Upright\ALL_UPRIGHT\ocr_debug_images\20250814_112514946_iOS_jpg19_ann.png
20250814_112514946_iOS_jpg20.jpg,,0.0,none,C:\Users\Gnanasekar\Downloads\MODELS\Digit_Upright\ALL_UPRIGHT\ocr_debug_images\20250814_112514946_iOS_jpg20_orig.png;C:\Users\Gnanasekar\Downloads\MODELS\Digit_Upright\ALL_UPRIGHT\ocr_debug_images\20250814_112514946_iOS_jpg20_gray.png;C:\Users\Gnanasekar\Downloads\MODELS\Digit_Upright\ALL_UPRIGHT\ocr_debug_images\20250814_112514946_iOS_jpg20_otsu.png;C:\Users\Gnanasekar\Downloads\MODELS\Digit_Upright\ALL_UPRIGHT\ocr_debug_images\20250814_112514946_iOS_jpg20_inv_otsu.png;C:\Users\Gnanasekar\Downloads\MODELS\Digit_Upright\ALL_UPRIGHT\ocr_debug_images\20250814_112514946_iOS_jpg20_adapt_mean.png;C:\Users\Gnanasekar\Downloads\MODELS\Digit_Upright\ALL_UPRIGHT\ocr_debug_images\20250814_112514946_iOS_jpg20_adapt_gauss.png;C:\Users\Gnanasekar\Downloads\MODELS\Digit_Upright\ALL_UPRIGHT\ocr_debug_images\20250814_112514946_iOS_jpg20_adapt_mean_inv.png;C:\Users\Gnanasekar\Downloads\MODELS\Digit_Upright\ALL_UPRIGHT\ocr_debug_images\20250814_112514946_iOS_jpg20_adapt_gauss_inv.png;C:\Users\Gnanasekar\Downloads\MODELS\Digit_Upright\ALL_UPRIGHT\ocr_debug_images\20250814_112514946_iOS_jpg20_ann.png
20250814_112525876_iOS_jpg2.jpg,,0.0,none,C:\Users\Gnanasekar\Downloads\MODELS\Digit_Upright\ALL_UPRIGHT\ocr_debug_images\20250814_112525876_iOS_jpg2_orig.png;C:\Users\Gnanasekar\Downloads\MODELS\Digit_Upright\ALL_UPRIGHT\ocr_debug_images\20250814_112525876_iOS_jpg2_gray.png;C:\Users\Gnanasekar\Downloads\MODELS\Digit_Upright\ALL_UPRIGHT\ocr_debug_images\20250814_112525876_iOS_jpg2_otsu.png;C:\Users\Gnanasekar\Downloads\MODELS\Digit_Upright\ALL_UPRIGHT\ocr_debug_images\20250814_112525876_iOS_jpg2_inv_otsu.png;C:\Users\Gnanasekar\Downloads\MODELS\Digit_Upright\ALL_UPRIGHT\ocr_debug_images\20250814_112525876_iOS_jpg2_adapt_mean.png;C:\Users\Gnanasekar\Downloads\MODELS\Digit_Upright\ALL_UPRIGHT\ocr_debug_images\20250814_112525876_iOS_jpg2_adapt_gauss.png;C:\Users\Gnanasekar\Downloads\MODELS\Digit_Upright\ALL_UPRIGHT\ocr_debug_images\20250814_112525876_iOS_jpg2_adapt_mean_inv.png;C:\Users\Gnanasekar\Downloads\MODELS\Digit_Upright\ALL_UPRIGHT\ocr_debug_images\20250814_112525876_iOS_jpg2_adapt_gauss_inv.png;C:\Users\Gnanasekar\Downloads\MODELS\Digit_Upright\ALL_UPRIGHT\ocr_debug_images\20250814_112525876_iOS_jpg2_ann.png
20250814_112525876_iOS_jpg22.jpg,,0.0,none,C:\Users\Gnanasekar\Downloads\MODELS\Digit_Upright\ALL_UPRIGHT\ocr_debug_images\20250814_112525876_iOS_jpg22_orig.png;C:\Users\Gnanasekar\Downloads\MODELS\Digit_Upright\ALL_UPRIGHT\ocr_debug_images\20250814_112525876_iOS_jpg22_gray.png;C:\Users\Gnanasekar\Downloads\MODELS\Digit_Upright\ALL_UPRIGHT\ocr_debug_images\20250814_112525876_iOS_jpg22_otsu.png;C:\Users\Gnanasekar\Downloads\MODELS\Digit_Upright\ALL_UPRIGHT\ocr_debug_images\20250814_112525876_iOS_jpg22_inv_otsu.png;C:\Users\Gnanasekar\Downloads\MODELS\Digit_Upright\ALL_UPRIGHT\ocr_debug_images\20250814_112525876_iOS_jpg22_adapt_mean.png;C:\Users\Gnanasekar\Downloads\MODELS\Digit_Upright\ALL_UPRIGHT\ocr_debug_images\20250814_112525876_iOS_jpg22_adapt_gauss.png;C:\Users\Gnanasekar\Downloads\MODELS\Digit_Upright\ALL_UPRIGHT\ocr_debug_images\20250814_112525876_iOS_jpg22_adapt_mean_inv.png;C:\Users\Gnanasekar\Downloads\MODELS\Digit_Upright\ALL_UPRIGHT\ocr_debug_images\20250814_112525876_iOS_jpg22_adapt_gauss_inv.png;C:\Users\Gnanasekar\Downloads\MODELS\Digit_Upright\ALL_UPRIGHT\ocr_debug_images\20250814_112525876_iOS_jpg22_ann.png
20250814_112525876_iOS_jpg24.jpg,,0.0,none,C:\Users\Gnanasekar\Downloads\MODELS\Digit_Upright\ALL_UPRIGHT\ocr_debug_images\20250814_112525876_iOS_jpg24_orig.png;C:\Users\Gnanasekar\Downloads\MODELS\Digit_Upright\ALL_UPRIGHT\ocr_debug_images\20250814_112525876_iOS_jpg24_gray.png;C:\Users\Gnanasekar\Downloads\MODELS\Digit_Upright\ALL_UPRIGHT\ocr_debug_images\20250814_112525876_iOS_jpg24_otsu.png;C:\Users\Gnanasekar\Downloads\MODELS\Digit_Upright\ALL_UPRIGHT\ocr_debug_images\20250814_112525876_iOS_jpg24_inv_otsu.png;C:\Users\Gnanasekar\Downloads\MODELS\Digit_Upright\ALL_UPRIGHT\ocr_debug_images\20250814_112525876_iOS_jpg24_adapt_mean.png;C:\Users\Gnanasekar\Downloads\MODELS\Digit_Upright\ALL_UPRIGHT\ocr_debug_images\20250814_112525876_iOS_jpg24_adapt_gauss.png;C:\Users\Gnanasekar\Downloads\MODELS\Digit_Upright\ALL_UPRIGHT\ocr_debug_images\20250814_112525876_iOS_jpg24_adapt_mean_inv.png;C:\Users\Gnanasekar\Downloads\MODELS\Digit_Upright\ALL_UPRIGHT\ocr_debug_images\20250814_112525876_iOS_jpg24_adapt_gauss_inv.png;C:\Users\Gnanasekar\Downloads\MODELS\Digit_Upright\ALL_UPRIGHT\ocr_debug_images\20250814_112525876_iOS_jpg24_ann.png
20250814_112525876_iOS_jpg25.jpg,,0.0,none,C:\Users\Gnanasekar\Downloads\MODELS\Digit_Upright\ALL_UPRIGHT\ocr_debug_images\20250814_112525876_iOS_jpg25_orig.png;C:\Users\Gnanasekar\Downloads\MODELS\Digit_Upright\ALL_UPRIGHT\ocr_debug_images\20250814_112525876_iOS_jpg25_gray.png;C:\Users\Gnanasekar\Downloads\MODELS\Digit_Upright\ALL_UPRIGHT\ocr_debug_images\20250814_112525876_iOS_jpg25_otsu.png;C:\Users\Gnanasekar\Downloads\MODELS\Digit_Upright\ALL_UPRIGHT\ocr_debug_images\20250814_112525876_iOS_jpg25_inv_otsu.png;C:\Users\Gnanasekar\Downloads\MODELS\Digit_Upright\ALL_UPRIGHT\ocr_debug_images\20250814_112525876_iOS_jpg25_adapt_mean.png;C:\Users\Gnanasekar\Downloads\MODELS\Digit_Upright\ALL_UPRIGHT\ocr_debug_images\20250814_112525876_iOS_jpg25_adapt_gauss.png;C:\Users\Gnanasekar\Downloads\MODELS\Digit_Upright\ALL_UPRIGHT\ocr_debug_images\20250814_112525876_iOS_jpg25_adapt_mean_inv.png;C:\Users\Gnanasekar\Downloads\MODELS\Digit_Upright\ALL_UPRIGHT\ocr_debug_images\20250814_112525876_iOS_jpg25_adapt_gauss_inv.png;C:\Users\Gnanasekar\Downloads\MODELS\Digit_Upright\ALL_UPRIGHT\ocr_debug_images\20250814_112525876_iOS_jpg25_ann.png
20250814_112525876_iOS_jpg96.jpg,,0.0,none,C:\Users\Gnanasekar\Downloads\MODELS\Digit_Upright\ALL_UPRIGHT\ocr_debug_images\20250814_112525876_iOS_jpg96_orig.png;C:\Users\Gnanasekar\Downloads\MODELS\Digit_Upright\ALL_UPRIGHT\ocr_debug_images\20250814_112525876_iOS_jpg96_gray.png;C:\Users\Gnanasekar\Downloads\MODELS\Digit_Upright\ALL_UPRIGHT\ocr_debug_images\20250814_112525876_iOS_jpg96_otsu.png;C:\Users\Gnanasekar\Downloads\MODELS\Digit_Upright\ALL_UPRIGHT\ocr_debug_images\20250814_112525876_iOS_jpg96_inv_otsu.png;C:\Users\Gnanasekar\Downloads\MODELS\Digit_Upright\ALL_UPRIGHT\ocr_debug_images\20250814_112525876_iOS_jpg96_adapt_mean.png;C:\Users\Gnanasekar\Downloads\MODELS\Digit_Upright\ALL_UPRIGHT\ocr_debug_images\20250814_112525876_iOS_jpg96_adapt_gauss.png;C:\Users\Gnanasekar\Downloads\MODELS\Digit_Upright\ALL_UPRIGHT\ocr_debug_images\20250814_112525876_iOS_jpg96_adapt_mean_inv.png;C:\Users\Gnanasekar\Downloads\MODELS\Digit_Upright\ALL_UPRIGHT\ocr_debug_images\20250814_112525876_iOS_jpg96_adapt_gauss_inv.png;C:\Users\Gnanasekar\Downloads\MODELS\Digit_Upright\ALL_UPRIGHT\ocr_debug_images\20250814_112525876_iOS_jpg96_ann.png
20250814_112525876_iOS_jpg97.jpg,,0.0,none,C:\Users\Gnanasekar\Downloads\MODELS\Digit_Upright\ALL_UPRIGHT\ocr_debug_images\20250814_112525876_iOS_jpg97_orig.png;C:\Users\Gnanasekar\Downloads\MODELS\Digit_Upright\ALL_UPRIGHT\ocr_debug_images\20250814_112525876_iOS_jpg97_gray.png;C:\Users\Gnanasekar\Downloads\MODELS\Digit_Upright\ALL_UPRIGHT\ocr_debug_images\20250814_112525876_iOS_jpg97_otsu.png;C:\Users\Gnanasekar\Downloads\MODELS\Digit_Upright\ALL_UPRIGHT\ocr_debug_images\20250814_112525876_iOS_jpg97_inv_otsu.png;C:\Users\Gnanasekar\Downloads\MODELS\Digit_Upright\ALL_UPRIGHT\ocr_debug_images\20250814_112525876_iOS_jpg97_adapt_mean.png;C:\Users\Gnanasekar\Downloads\MODELS\Digit_Upright\ALL_UPRIGHT\ocr_debug_images\20250814_112525876_iOS_jpg97_adapt_gauss.png;C:\Users\Gnanasekar\Downloads\MODELS\Digit_Upright\ALL_UPRIGHT\ocr_debug_images\20250814_112525876_iOS_jpg97_adapt_mean_inv.png;C:\Users\Gnanasekar\Downloads\MODELS\Digit_Upright\ALL_UPRIGHT\ocr_debug_images\20250814_112525876_iOS_jpg97_adapt_gauss_inv.png;C:\Users\Gnanasekar\Downloads\MODELS\Digit_Upright\ALL_UPRIGHT\ocr_debug_images\20250814_112525876_iOS_jpg97_ann.png
20250814_112529095_iOS_jpg25.jpg,,0.0,none,C:\Users\Gnanasekar\Downloads\MODELS\Digit_Upright\ALL_UPRIGHT\ocr_debug_images\20250814_112529095_iOS_jpg25_orig.png;C:\Users\Gnanasekar\Downloads\MODELS\Digit_Upright\ALL_UPRIGHT\ocr_debug_images\20250814_112529095_iOS_jpg25_gray.png;C:\Users\Gnanasekar\Downloads\MODELS\Digit_Upright\ALL_UPRIGHT\ocr_debug_images\20250814_112529095_iOS_jpg25_otsu.png;C:\Users\Gnanasekar\Downloads\MODELS\Digit_Upright\ALL_UPRIGHT\ocr_debug_images\20250814_112529095_iOS_jpg25_inv_otsu.png;C:\Users\Gnanasekar\Downloads\MODELS\Digit_Upright\ALL_UPRIGHT\ocr_debug_images\20250814_112529095_iOS_jpg25_adapt_mean.png;C:\Users\Gnanasekar\Downloads\MODELS\Digit_Upright\ALL_UPRIGHT\ocr_debug_images\20250814_112529095_iOS_jpg25_adapt_gauss.png;C:\Users\Gnanasekar\Downloads\MODELS\Digit_Upright\ALL_UPRIGHT\ocr_debug_images\20250814_112529095_iOS_jpg25_adapt_mean_inv.png;C:\Users\Gnanasekar\Downloads\MODELS\Digit_Upright\ALL_UPRIGHT\ocr_debug_images\20250814_112529095_iOS_jpg25_adapt_gauss_inv.png;C:\Users\Gnanasekar\Downloads\MODELS\Digit_Upright\ALL_UPRIGHT\ocr_debug_images\20250814_112529095_iOS_jpg25_ann.png
20250814_112529095_iOS_jpg27.jpg,,0.0,none,C:\Users\Gnanasekar\Downloads\MODELS\Digit_Upright\ALL_UPRIGHT\ocr_debug_images\20250814_112529095_iOS_jpg27_orig.png;C:\Users\Gnanasekar\Downloads\MODELS\Digit_Upright\ALL_UPRIGHT\ocr_debug_images\20250814_112529095_iOS_jpg27_gray.png;C:\Users\Gnanasekar\Downloads\MODELS\Digit_Upright\ALL_UPRIGHT\ocr_debug_images\20250814_112529095_iOS_jpg27_otsu.png;C:\Users\Gnanasekar\Downloads\MODELS\Digit_Upright\ALL_UPRIGHT\ocr_debug_images\20250814_112529095_iOS_jpg27_inv_otsu.png;C:\Users\Gnanasekar\Downloads\MODELS\Digit_Upright\ALL_UPRIGHT\ocr_debug_images\20250814_112529095_iOS_jpg27_adapt_mean.png;C:\Users\Gnanasekar\Downloads\MODELS\Digit_Upright\ALL_UPRIGHT\ocr_debug_images\20250814_112529095_iOS_jpg27_adapt_gauss.png;C:\Users\Gnanasekar\Downloads\MODELS\Digit_Upright\ALL_UPRIGHT\ocr_debug_images\20250814_112529095_iOS_jpg27_adapt_mean_inv.png;C:\Users\Gnanasekar\Downloads\MODELS\Digit_Upright\ALL_UPRIGHT\ocr_debug_images\20250814_112529095_iOS_jpg27_adapt_gauss_inv.png;C:\Users\Gnanasekar\Downloads\MODELS\Digit_Upright\ALL_UPRIGHT\ocr_debug_images\20250814_112529095_iOS_jpg27_ann.png
20250814_112529095_iOS_jpg28.jpg,,0.0,none,C:\Users\Gnanasekar\Downloads\MODELS\Digit_Upright\ALL_UPRIGHT\ocr_debug_images\20250814_112529095_iOS_jpg28_orig.png;C:\Users\Gnanasekar\Downloads\MODELS\Digit_Upright\ALL_UPRIGHT\ocr_debug_images\20250814_112529095_iOS_jpg28_gray.png;C:\Users\Gnanasekar\Downloads\MODELS\Digit_Upright\ALL_UPRIGHT\ocr_debug_images\20250814_112529095_iOS_jpg28_otsu.png;C:\Users\Gnanasekar\Downloads\MODELS\Digit_Upright\ALL_UPRIGHT\ocr_debug_images\20250814_112529095_iOS_jpg28_inv_otsu.png;C:\Users\Gnanasekar\Downloads\MODELS\Digit_Upright\ALL_UPRIGHT\ocr_debug_images\20250814_112529095_iOS_jpg28_adapt_mean.png;C:\Users\Gnanasekar\Downloads\MODELS\Digit_Upright\ALL_UPRIGHT\ocr_debug_images\20250814_112529095_iOS_jpg28_adapt_gauss.png;C:\Users\Gnanasekar\Downloads\MODELS\Digit_Upright\ALL_UPRIGHT\ocr_debug_images\20250814_112529095_iOS_jpg28_adapt_mean_inv.png;C:\Users\Gnanasekar\Downloads\MODELS\Digit_Upright\ALL_UPRIGHT\ocr_debug_images\20250814_112529095_iOS_jpg28_adapt_gauss_inv.png;C:\Users\Gnanasekar\Downloads\MODELS\Digit_Upright\ALL_UPRIGHT\ocr_debug_images\20250814_112529095_iOS_jpg28_ann.png
20250814_112529095_iOS_jpg29.jpg,,0.0,none,C:\Users\Gnanasekar\Downloads\MODELS\Digit_Upright\ALL_UPRIGHT\ocr_debug_images\20250814_112529095_iOS_jpg29_orig.png;C:\Users\Gnanasekar\Downloads\MODELS\Digit_Upright\ALL_UPRIGHT\ocr_debug_images\20250814_112529095_iOS_jpg29_gray.png;C:\Users\Gnanasekar\Downloads\MODELS\Digit_Upright\ALL_UPRIGHT\ocr_debug_images\20250814_112529095_iOS_jpg29_otsu.png;C:\Users\Gnanasekar\Downloads\MODELS\Digit_Upright\ALL_UPRIGHT\ocr_debug_images\20250814_112529095_iOS_jpg29_inv_otsu.png;C:\Users\Gnanasekar\Downloads\MODELS\Digit_Upright\ALL_UPRIGHT\ocr_debug_images\20250814_112529095_iOS_jpg29_adapt_mean.png;C:\Users\Gnanasekar\Downloads\MODELS\Digit_Upright\ALL_UPRIGHT\ocr_debug_images\20250814_112529095_iOS_jpg29_adapt_gauss.png;C:\Users\Gnanasekar\Downloads\MODELS\Digit_Upright\ALL_UPRIGHT\ocr_debug_images\20250814_112529095_iOS_jpg29_adapt_mean_inv.png;C:\Users\Gnanasekar\Downloads\MODELS\Digit_Upright\ALL_UPRIGHT\ocr_debug_images\20250814_112529095_iOS_jpg29_adapt_gauss_inv.png;C:\Users\Gnanasekar\Downloads\MODELS\Digit_Upright\ALL_UPRIGHT\ocr_debug_images\20250814_112529095_iOS_jpg29_ann.png
20250814_112529095_iOS_jpg30.jpg,,0.0,none,C:\Users\Gnanasekar\Downloads\MODELS\Digit_Upright\ALL_UPRIGHT\ocr_debug_images\20250814_112529095_iOS_jpg30_orig.png;C:\Users\Gnanasekar\Downloads\MODELS\Digit_Upright\ALL_UPRIGHT\ocr_debug_images\20250814_112529095_iOS_jpg30_gray.png;C:\Users\Gnanasekar\Downloads\MODELS\Digit_Upright\ALL_UPRIGHT\ocr_debug_images\20250814_112529095_iOS_jpg30_otsu.png;C:\Users\Gnanasekar\Downloads\MODELS\Digit_Upright\ALL_UPRIGHT\ocr_debug_images\20250814_112529095_iOS_jpg30_inv_otsu.png;C:\Users\Gnanasekar\Downloads\MODELS\Digit_Upright\ALL_UPRIGHT\ocr_debug_images\20250814_112529095_iOS_jpg30_adapt_mean.png;C:\Users\Gnanasekar\Downloads\MODELS\Digit_Upright\ALL_UPRIGHT\ocr_debug_images\20250814_112529095_iOS_jpg30_adapt_gauss.png;C:\Users\Gnanasekar\Downloads\MODELS\Digit_Upright\ALL_UPRIGHT\ocr_debug_images\20250814_112529095_iOS_jpg30_adapt_mean_inv.png;C:\Users\Gnanasekar\Downloads\MODELS\Digit_Upright\ALL_UPRIGHT\ocr_debug_images\20250814_112529095_iOS_jpg30_adapt_gauss_inv.png;C:\Users\Gnanasekar\Downloads\MODELS\Digit_Upright\ALL_UPRIGHT\ocr_debug_images\20250814_112529095_iOS_jpg30_ann.png
20250814_112529095_iOS_jpg31.jpg,,0.0,none,C:\Users\Gnanasekar\Downloads\MODELS\Digit_Upright\ALL_UPRIGHT\ocr_debug_images\20250814_112529095_iOS_jpg31_orig.png;C:\Users\Gnanasekar\Downloads\MODELS\Digit_Upright\ALL_UPRIGHT\ocr_debug_images\20250814_112529095_iOS_jpg31_gray.png;C:\Users\Gnanasekar\Downloads\MODELS\Digit_Upright\ALL_UPRIGHT\ocr_debug_images\20250814_112529095_iOS_jpg31_otsu.png;C:\Users\Gnanasekar\Downloads\MODELS\Digit_Upright\ALL_UPRIGHT\ocr_debug_images\20250814_112529095_iOS_jpg31_inv_otsu.png;C:\Users\Gnanasekar\Downloads\MODELS\Digit_Upright\ALL_UPRIGHT\ocr_debug_images\20250814_112529095_iOS_jpg31_adapt_mean.png;C:\Users\Gnanasekar\Downloads\MODELS\Digit_Upright\ALL_UPRIGHT\ocr_debug_images\20250814_112529095_iOS_jpg31_adapt_gauss.png;C:\Users\Gnanasekar\Downloads\MODELS\Digit_Upright\ALL_UPRIGHT\ocr_debug_images\20250814_112529095_iOS_jpg31_adapt_mean_inv.png;C:\Users\Gnanasekar\Downloads\MODELS\Digit_Upright\ALL_UPRIGHT\ocr_debug_images\20250814_112529095_iOS_jpg31_adapt_gauss_inv.png;C:\Users\Gnanasekar\Downloads\MODELS\Digit_Upright\ALL_UPRIGHT\ocr_debug_images\20250814_112529095_iOS_jpg31_ann.png
20250814_112529095_iOS_jpg32.jpg,,0.0,none,C:\Users\Gnanasekar\Downloads\MODELS\Digit_Upright\ALL_UPRIGHT\ocr_debug_images\20250814_112529095_iOS_jpg32_orig.png;C:\Users\Gnanasekar\Downloads\MODELS\Digit_Upright\ALL_UPRIGHT\ocr_debug_images\20250814_112529095_iOS_jpg32_gray.png;C:\Users\Gnanasekar\Downloads\MODELS\Digit_Upright\ALL_UPRIGHT\ocr_debug_images\20250814_112529095_iOS_jpg32_otsu.png;C:\Users\Gnanasekar\Downloads\MODELS\Digit_Upright\ALL_UPRIGHT\ocr_debug_images\20250814_112529095_iOS_jpg32_inv_otsu.png;C:\Users\Gnanasekar\Downloads\MODELS\Digit_Upright\ALL_UPRIGHT\ocr_debug_images\20250814_112529095_iOS_jpg32_adapt_mean.png;C:\Users\Gnanasekar\Downloads\MODELS\Digit_Upright\ALL_UPRIGHT\ocr_debug_images\20250814_112529095_iOS_jpg32_adapt_gauss.png;C:\Users\Gnanasekar\Downloads\MODELS\Digit_Upright\ALL_UPRIGHT\ocr_debug_images\20250814_112529095_iOS_jpg32_adapt_mean_inv.png;C:\Users\Gnanasekar\Downloads\MODELS\Digit_Upright\ALL_UPRIGHT\ocr_debug_images\20250814_112529095_iOS_jpg32_adapt_gauss_inv.png;C:\Users\Gnanasekar\Downloads\MODELS\Digit_Upright\ALL_UPRIGHT\ocr_debug_images\20250814_112529095_iOS_jpg32_ann.png
20250814_112529095_iOS_jpg33.jpg,,0.0,none,C:\Users\Gnanasekar\Downloads\MODELS\Digit_Upright\ALL_UPRIGHT\ocr_debug_images\20250814_112529095_iOS_jpg33_orig.png;C:\Users\Gnanasekar\Downloads\MODELS\Digit_Upright\ALL_UPRIGHT\ocr_debug_images\20250814_112529095_iOS_jpg33_gray.png;C:\Users\Gnanasekar\Downloads\MODELS\Digit_Upright\ALL_UPRIGHT\ocr_debug_images\20250814_112529095_iOS_jpg33_otsu.png;C:\Users\Gnanasekar\Downloads\MODELS\Digit_Upright\ALL_UPRIGHT\ocr_debug_images\20250814_112529095_iOS_jpg33_inv_otsu.png;C:\Users\Gnanasekar\Downloads\MODELS\Digit_Upright\ALL_UPRIGHT\ocr_debug_images\20250814_112529095_iOS_jpg33_adapt_mean.png;C:\Users\Gnanasekar\Downloads\MODELS\Digit_Upright\ALL_UPRIGHT\ocr_debug_images\20250814_112529095_iOS_jpg33_adapt_gauss.png;C:\Users\Gnanasekar\Downloads\MODELS\Digit_Upright\ALL_UPRIGHT\ocr_debug_images\20250814_112529095_iOS_jpg33_adapt_mean_inv.png;C:\Users\Gnanasekar\Downloads\MODELS\Digit_Upright\ALL_UPRIGHT\ocr_debug_images\20250814_112529095_iOS_jpg33_adapt_gauss_inv.png;C:\Users\Gnanasekar\Downloads\MODELS\Digit_Upright\ALL_UPRIGHT\ocr_debug_images\20250814_112529095_iOS_jpg33_ann.png
20250814_112529095_iOS_jpg34.jpg,,0.0,none,C:\Users\Gnanasekar\Downloads\MODELS\Digit_Upright\ALL_UPRIGHT\ocr_debug_images\20250814_112529095_iOS_jpg34_orig.png;C:\Users\Gnanasekar\Downloads\MODELS\Digit_Upright\ALL_UPRIGHT\ocr_debug_images\20250814_112529095_iOS_jpg34_gray.png;C:\Users\Gnanasekar\Downloads\MODELS\Digit_Upright\ALL_UPRIGHT\ocr_debug_images\20250814_112529095_iOS_jpg34_otsu.png;C:\Users\Gnanasekar\Downloads\MODELS\Digit_Upright\ALL_UPRIGHT\ocr_debug_images\20250814_112529095_iOS_jpg34_inv_otsu.png;C:\Users\Gnanasekar\Downloads\MODELS\Digit_Upright\ALL_UPRIGHT\ocr_debug_images\20250814_112529095_iOS_jpg34_adapt_mean.png;C:\Users\Gnanasekar\Downloads\MODELS\Digit_Upright\ALL_UPRIGHT\ocr_debug_images\20250814_112529095_iOS_jpg34_adapt_gauss.png;C:\Users\Gnanasekar\Downloads\MODELS\Digit_Upright\ALL_UPRIGHT\ocr_debug_images\20250814_112529095_iOS_jpg34_adapt_mean_inv.png;C:\Users\Gnanasekar\Downloads\MODELS\Digit_Upright\ALL_UPRIGHT\ocr_debug_images\20250814_112529095_iOS_jpg34_adapt_gauss_inv.png;C:\Users\Gnanasekar\Downloads\MODELS\Digit_Upright\ALL_UPRIGHT\ocr_debug_images\20250814_112529095_iOS_jpg34_ann.png
20250814_112529095_iOS_jpg85.jpg,,0.0,none,C:\Users\Gnanasekar\Downloads\MODELS\Digit_Upright\ALL_UPRIGHT\ocr_debug_images\20250814_112529095_iOS_jpg85_orig.png;C:\Users\Gnanasekar\Downloads\MODELS\Digit_Upright\ALL_UPRIGHT\ocr_debug_images\20250814_112529095_iOS_jpg85_gray.png;C:\Users\Gnanasekar\Downloads\MODELS\Digit_Upright\ALL_UPRIGHT\ocr_debug_images\20250814_112529095_iOS_jpg85_otsu.png;C:\Users\Gnanasekar\Downloads\MODELS\Digit_Upright\ALL_UPRIGHT\ocr_debug_images\20250814_112529095_iOS_jpg85_inv_otsu.png;C:\Users\Gnanasekar\Downloads\MODELS\Digit_Upright\ALL_UPRIGHT\ocr_debug_images\20250814_112529095_iOS_jpg85_adapt_mean.png;C:\Users\Gnanasekar\Downloads\MODELS\Digit_Upright\ALL_UPRIGHT\ocr_debug_images\20250814_112529095_iOS_jpg85_adapt_gauss.png;C:\Users\Gnanasekar\Downloads\MODELS\Digit_Upright\ALL_UPRIGHT\ocr_debug_images\20250814_112529095_iOS_jpg85_adapt_mean_inv.png;C:\Users\Gnanasekar\Downloads\MODELS\Digit_Upright\ALL_UPRIGHT\ocr_debug_images\20250814_112529095_iOS_jpg85_adapt_gauss_inv.png;C:\Users\Gnanasekar\Downloads\MODELS\Digit_Upright\ALL_UPRIGHT\ocr_debug_images\20250814_112529095_iOS_jpg85_ann.png
20250814_112529095_iOS_jpg86.jpg,,0.0,none,C:\Users\Gnanasekar\Downloads\MODELS\Digit_Upright\ALL_UPRIGHT\ocr_debug_images\20250814_112529095_iOS_jpg86_orig.png;C:\Users\Gnanasekar\Downloads\MODELS\Digit_Upright\ALL_UPRIGHT\ocr_debug_images\20250814_112529095_iOS_jpg86_gray.png;C:\Users\Gnanasekar\Downloads\MODELS\Digit_Upright\ALL_UPRIGHT\ocr_debug_images\20250814_112529095_iOS_jpg86_otsu.png;C:\Users\Gnanasekar\Downloads\MODELS\Digit_Upright\ALL_UPRIGHT\ocr_debug_images\20250814_112529095_iOS_jpg86_inv_otsu.png;C:\Users\Gnanasekar\Downloads\MODELS\Digit_Upright\ALL_UPRIGHT\ocr_debug_images\20250814_112529095_iOS_jpg86_adapt_mean.png;C:\Users\Gnanasekar\Downloads\MODELS\Digit_Upright\ALL_UPRIGHT\ocr_debug_images\20250814_112529095_iOS_jpg86_adapt_gauss.png;C:\Users\Gnanasekar\Downloads\MODELS\Digit_Upright\ALL_UPRIGHT\ocr_debug_images\20250814_112529095_iOS_jpg86_adapt_mean_inv.png;C:\Users\Gnanasekar\Downloads\MODELS\Digit_Upright\ALL_UPRIGHT\ocr_debug_images\20250814_112529095_iOS_jpg86_adapt_gauss_inv.png;C:\Users\Gnanasekar\Downloads\MODELS\Digit_Upright\ALL_UPRIGHT\ocr_debug_images\20250814_112529095_iOS_jpg86_ann.png
20250814_112529095_iOS_jpg88.jpg,,0.0,none,C:\Users\Gnanasekar\Downloads\MODELS\Digit_Upright\ALL_UPRIGHT\ocr_debug_images\20250814_112529095_iOS_jpg88_orig.png;C:\Users\Gnanasekar\Downloads\MODELS\Digit_Upright\ALL_UPRIGHT\ocr_debug_images\20250814_112529095_iOS_jpg88_gray.png;C:\Users\Gnanasekar\Downloads\MODELS\Digit_Upright\ALL_UPRIGHT\ocr_debug_images\20250814_112529095_iOS_jpg88_otsu.png;C:\Users\Gnanasekar\Downloads\MODELS\Digit_Upright\ALL_UPRIGHT\ocr_debug_images\20250814_112529095_iOS_jpg88_inv_otsu.png;C:\Users\Gnanasekar\Downloads\MODELS\Digit_Upright\ALL_UPRIGHT\ocr_debug_images\20250814_112529095_iOS_jpg88_adapt_mean.png;C:\Users\Gnanasekar\Downloads\MODELS\Digit_Upright\ALL_UPRIGHT\ocr_debug_images\20250814_112529095_iOS_jpg88_adapt_gauss.png;C:\Users\Gnanasekar\Downloads\MODELS\Digit_Upright\ALL_UPRIGHT\ocr_debug_images\20250814_112529095_iOS_jpg88_adapt_mean_inv.png;C:\Users\Gnanasekar\Downloads\MODELS\Digit_Upright\ALL_UPRIGHT\ocr_debug_images\20250814_112529095_iOS_jpg88_adapt_gauss_inv.png;C:\Users\Gnanasekar\Downloads\MODELS\Digit_Upright\ALL_UPRIGHT\ocr_debug_images\20250814_112529095_iOS_jpg88_ann.png
20250814_112529095_iOS_jpg89.jpg,,0.0,none,C:\Users\Gnanasekar\Downloads\MODELS\Digit_Upright\ALL_UPRIGHT\ocr_debug_images\20250814_112529095_iOS_jpg89_orig.png;C:\Users\Gnanasekar\Downloads\MODELS\Digit_Upright\ALL_UPRIGHT\ocr_debug_images\20250814_112529095_iOS_jpg89_gray.png;C:\Users\Gnanasekar\Downloads\MODELS\Digit_Upright\ALL_UPRIGHT\ocr_debug_images\20250814_112529095_iOS_jpg89_otsu.png;C:\Users\Gnanasekar\Downloads\MODELS\Digit_Upright\ALL_UPRIGHT\ocr_debug_images\20250814_112529095_iOS_jpg89_inv_otsu.png;C:\Users\Gnanasekar\Downloads\MODELS\Digit_Upright\ALL_UPRIGHT\ocr_debug_images\20250814_112529095_iOS_jpg89_adapt_mean.png;C:\Users\Gnanasekar\Downloads\MODELS\Digit_Upright\ALL_UPRIGHT\ocr_debug_images\20250814_112529095_iOS_jpg89_adapt_gauss.png;C:\Users\Gnanasekar\Downloads\MODELS\Digit_Upright\ALL_UPRIGHT\ocr_debug_images\20250814_112529095_iOS_jpg89_adapt_mean_inv.png;C:\Users\Gnanasekar\Downloads\MODELS\Digit_Upright\ALL_UPRIGHT\ocr_debug_images\20250814_112529095_iOS_jpg89_adapt_gauss_inv.png;C:\Users\Gnanasekar\Downloads\MODELS\Digit_Upright\ALL_UPRIGHT\ocr_debug_images\20250814_112529095_iOS_jpg89_ann.png
20250814_112529095_iOS_jpg92.jpg,,0.0,none,C:\Users\Gnanasekar\Downloads\MODELS\Digit_Upright\ALL_UPRIGHT\ocr_debug_images\20250814_112529095_iOS_jpg92_orig.png;C:\Users\Gnanasekar\Downloads\MODELS\Digit_Upright\ALL_UPRIGHT\ocr_debug_images\20250814_112529095_iOS_jpg92_gray.png;C:\Users\Gnanasekar\Downloads\MODELS\Digit_Upright\ALL_UPRIGHT\ocr_debug_images\20250814_112529095_iOS_jpg92_otsu.png;C:\Users\Gnanasekar\Downloads\MODELS\Digit_Upright\ALL_UPRIGHT\ocr_debug_images\20250814_112529095_iOS_jpg92_inv_otsu.png;C:\Users\Gnanasekar\Downloads\MODELS\Digit_Upright\ALL_UPRIGHT\ocr_debug_images\20250814_112529095_iOS_jpg92_adapt_mean.png;C:\Users\Gnanasekar\Downloads\MODELS\Digit_Upright\ALL_UPRIGHT\ocr_debug_images\20250814_112529095_iOS_jpg92_adapt_gauss.png;C:\Users\Gnanasekar\Downloads\MODELS\Digit_Upright\ALL_UPRIGHT\ocr_debug_images\20250814_112529095_iOS_jpg92_adapt_mean_inv.png;C:\Users\Gnanasekar\Downloads\MODELS\Digit_Upright\ALL_UPRIGHT\ocr_debug_images\20250814_112529095_iOS_jpg92_adapt_gauss_inv.png;C:\Users\Gnanasekar\Downloads\MODELS\Digit_Upright\ALL_UPRIGHT\ocr_debug_images\20250814_112529095_iOS_jpg92_ann.png
20250814_112529095_iOS_jpg95.jpg,,0.0,none,C:\Users\Gnanasekar\Downloads\MODELS\Digit_Upright\ALL_UPRIGHT\ocr_debug_images\20250814_112529095_iOS_jpg95_orig.png;C:\Users\Gnanasekar\Downloads\MODELS\Digit_Upright\ALL_UPRIGHT\ocr_debug_images\20250814_112529095_iOS_jpg95_gray.png;C:\Users\Gnanasekar\Downloads\MODELS\Digit_Upright\ALL_UPRIGHT\ocr_debug_images\20250814_112529095_iOS_jpg95_otsu.png;C:\Users\Gnanasekar\Downloads\MODELS\Digit_Upright\ALL_UPRIGHT\ocr_debug_images\20250814_112529095_iOS_jpg95_inv_otsu.png;C:\Users\Gnanasekar\Downloads\MODELS\Digit_Upright\ALL_UPRIGHT\ocr_debug_images\20250814_112529095_iOS_jpg95_adapt_mean.png;C:\Users\Gnanasekar\Downloads\MODELS\Digit_Upright\ALL_UPRIGHT\ocr_debug_images\20250814_112529095_iOS_jpg95_adapt_gauss.png;C:\Users\Gnanasekar\Downloads\MODELS\Digit_Upright\ALL_UPRIGHT\ocr_debug_images\20250814_112529095_iOS_jpg95_adapt_mean_inv.png;C:\Users\Gnanasekar\Downloads\MODELS\Digit_Upright\ALL_UPRIGHT\ocr_debug_images\20250814_112529095_iOS_jpg95_adapt_gauss_inv.png;C:\Users\Gnanasekar\Downloads\MODELS\Digit_Upright\ALL_UPRIGHT\ocr_debug_images\20250814_112529095_iOS_jpg95_ann.png
20250814_112724678_iOS_jpg.jpg,,0.0,none,C:\Users\Gnanasekar\Downloads\MODELS\Digit_Upright\ALL_UPRIGHT\ocr_debug_images\20250814_112724678_iOS_jpg_orig.png;C:\Users\Gnanasekar\Downloads\MODELS\Digit_Upright\ALL_UPRIGHT\ocr_debug_images\20250814_112724678_iOS_jpg_gray.png;C:\Users\Gnanasekar\Downloads\MODELS\Digit_Upright\ALL_UPRIGHT\ocr_debug_images\20250814_112724678_iOS_jpg_otsu.png;C:\Users\Gnanasekar\Downloads\MODELS\Digit_Upright\ALL_UPRIGHT\ocr_debug_images\20250814_112724678_iOS_jpg_inv_otsu.png;C:\Users\Gnanasekar\Downloads\MODELS\Digit_Upright\ALL_UPRIGHT\ocr_debug_images\20250814_112724678_iOS_jpg_adapt_mean.png;C:\Users\Gnanasekar\Downloads\MODELS\Digit_Upright\ALL_UPRIGHT\ocr_debug_images\20250814_112724678_iOS_jpg_adapt_gauss.png;C:\Users\Gnanasekar\Downloads\MODELS\Digit_Upright\ALL_UPRIGHT\ocr_debug_images\20250814_112724678_iOS_jpg_adapt_mean_inv.png;C:\Users\Gnanasekar\Downloads\MODELS\Digit_Upright\ALL_UPRIGHT\ocr_debug_images\20250814_112724678_iOS_jpg_adapt_gauss_inv.png;C:\Users\Gnanasekar\Downloads\MODELS\Digit_Upright\ALL_UPRIGHT\ocr_debug_images\20250814_112724678_iOS_jpg_ann.png
20250814_112724678_iOS_jpg3.jpg,,0.0,none,C:\Users\Gnanasekar\Downloads\MODELS\Digit_Upright\ALL_UPRIGHT\ocr_debug_images\20250814_112724678_iOS_jpg3_orig.png;C:\Users\Gnanasekar\Downloads\MODELS\Digit_Upright\ALL_UPRIGHT\ocr_debug_images\20250814_112724678_iOS_jpg3_gray.png;C:\Users\Gnanasekar\Downloads\MODELS\Digit_Upright\ALL_UPRIGHT\ocr_debug_images\20250814_112724678_iOS_jpg3_otsu.png;C:\Users\Gnanasekar\Downloads\MODELS\Digit_Upright\ALL_UPRIGHT\ocr_debug_images\20250814_112724678_iOS_jpg3_inv_otsu.png;C:\Users\Gnanasekar\Downloads\MODELS\Digit_Upright\ALL_UPRIGHT\ocr_debug_images\20250814_112724678_iOS_jpg3_adapt_mean.png;C:\Users\Gnanasekar\Downloads\MODELS\Digit_Upright\ALL_UPRIGHT\ocr_debug_images\20250814_112724678_iOS_jpg3_adapt_gauss.png;C:\Users\Gnanasekar\Downloads\MODELS\Digit_Upright\ALL_UPRIGHT\ocr_debug_images\20250814_112724678_iOS_jpg3_adapt_mean_inv.png;C:\Users\Gnanasekar\Downloads\MODELS\Digit_Upright\ALL_UPRIGHT\ocr_debug_images\20250814_112724678_iOS_jpg3_adapt_gauss_inv.png;C:\Users\Gnanasekar\Downloads\MODELS\Digit_Upright\ALL_UPRIGHT\ocr_debug_images\20250814_112724678_iOS_jpg3_ann.png
20250814_112724678_iOS_jpg44.jpg,,0.0,none,C:\Users\Gnanasekar\Downloads\MODELS\Digit_Upright\ALL_UPRIGHT\ocr_debug_images\20250814_112724678_iOS_jpg44_orig.png;C:\Users\Gnanasekar\Downloads\MODELS\Digit_Upright\ALL_UPRIGHT\ocr_debug_images\20250814_112724678_iOS_jpg44_gray.png;C:\Users\Gnanasekar\Downloads\MODELS\Digit_Upright\ALL_UPRIGHT\ocr_debug_images\20250814_112724678_iOS_jpg44_otsu.png;C:\Users\Gnanasekar\Downloads\MODELS\Digit_Upright\ALL_UPRIGHT\ocr_debug_images\20250814_112724678_iOS_jpg44_inv_otsu.png;C:\Users\Gnanasekar\Downloads\MODELS\Digit_Upright\ALL_UPRIGHT\ocr_debug_images\20250814_112724678_iOS_jpg44_adapt_mean.png;C:\Users\Gnanasekar\Downloads\MODELS\Digit_Upright\ALL_UPRIGHT\ocr_debug_images\20250814_112724678_iOS_jpg44_adapt_gauss.png;C:\Users\Gnanasekar\Downloads\MODELS\Digit_Upright\ALL_UPRIGHT\ocr_debug_images\20250814_112724678_iOS_jpg44_adapt_mean_inv.png;C:\Users\Gnanasekar\Downloads\MODELS\Digit_Upright\ALL_UPRIGHT\ocr_debug_images\20250814_112724678_iOS_jpg44_adapt_gauss_inv.png;C:\Users\Gnanasekar\Downloads\MODELS\Digit_Upright\ALL_UPRIGHT\ocr_debug_images\20250814_112724678_iOS_jpg44_ann.png
20250814_112724678_iOS_jpg45.jpg,,0.0,none,C:\Users\Gnanasekar\Downloads\MODELS\Digit_Upright\ALL_UPRIGHT\ocr_debug_images\20250814_112724678_iOS_jpg45_orig.png;C:\Users\Gnanasekar\Downloads\MODELS\Digit_Upright\ALL_UPRIGHT\ocr_debug_images\20250814_112724678_iOS_jpg45_gray.png;C:\Users\Gnanasekar\Downloads\MODELS\Digit_Upright\ALL_UPRIGHT\ocr_debug_images\20250814_112724678_iOS_jpg45_otsu.png;C:\Users\Gnanasekar\Downloads\MODELS\Digit_Upright\ALL_UPRIGHT\ocr_debug_images\20250814_112724678_iOS_jpg45_inv_otsu.png;C:\Users\Gnanasekar\Downloads\MODELS\Digit_Upright\ALL_UPRIGHT\ocr_debug_images\20250814_112724678_iOS_jpg45_adapt_mean.png;C:\Users\Gnanasekar\Downloads\MODELS\Digit_Upright\ALL_UPRIGHT\ocr_debug_images\20250814_112724678_iOS_jpg45_adapt_gauss.png;C:\Users\Gnanasekar\Downloads\MODELS\Digit_Upright\ALL_UPRIGHT\ocr_debug_images\20250814_112724678_iOS_jpg45_adapt_mean_inv.png;C:\Users\Gnanasekar\Downloads\MODELS\Digit_Upright\ALL_UPRIGHT\ocr_debug_images\20250814_112724678_iOS_jpg45_adapt_gauss_inv.png;C:\Users\Gnanasekar\Downloads\MODELS\Digit_Upright\ALL_UPRIGHT\ocr_debug_images\20250814_112724678_iOS_jpg45_ann.png
20250814_112724678_iOS_jpg46.jpg,,0.0,none,C:\Users\Gnanasekar\Downloads\MODELS\Digit_Upright\ALL_UPRIGHT\ocr_debug_images\20250814_112724678_iOS_jpg46_orig.png;C:\Users\Gnanasekar\Downloads\MODELS\Digit_Upright\ALL_UPRIGHT\ocr_debug_images\20250814_112724678_iOS_jpg46_gray.png;C:\Users\Gnanasekar\Downloads\MODELS\Digit_Upright\ALL_UPRIGHT\ocr_debug_images\20250814_112724678_iOS_jpg46_otsu.png;C:\Users\Gnanasekar\Downloads\MODELS\Digit_Upright\ALL_UPRIGHT\ocr_debug_images\20250814_112724678_iOS_jpg46_inv_otsu.png;C:\Users\Gnanasekar\Downloads\MODELS\Digit_Upright\ALL_UPRIGHT\ocr_debug_images\20250814_112724678_iOS_jpg46_adapt_mean.png;C:\Users\Gnanasekar\Downloads\MODELS\Digit_Upright\ALL_UPRIGHT\ocr_debug_images\20250814_112724678_iOS_jpg46_adapt_gauss.png;C:\Users\Gnanasekar\Downloads\MODELS\Digit_Upright\ALL_UPRIGHT\ocr_debug_images\20250814_112724678_iOS_jpg46_adapt_mean_inv.png;C:\Users\Gnanasekar\Downloads\MODELS\Digit_Upright\ALL_UPRIGHT\ocr_debug_images\20250814_112724678_iOS_jpg46_adapt_gauss_inv.png;C:\Users\Gnanasekar\Downloads\MODELS\Digit_Upright\ALL_UPRIGHT\ocr_debug_images\20250814_112724678_iOS_jpg46_ann.png
20250814_112724678_iOS_jpg48.jpg,,0.0,none,C:\Users\Gnanasekar\Downloads\MODELS\Digit_Upright\ALL_UPRIGHT\ocr_debug_images\20250814_112724678_iOS_jpg48_orig.png;C:\Users\Gnanasekar\Downloads\MODELS\Digit_Upright\ALL_UPRIGHT\ocr_debug_images\20250814_112724678_iOS_jpg48_gray.png;C:\Users\Gnanasekar\Downloads\MODELS\Digit_Upright\ALL_UPRIGHT\ocr_debug_images\20250814_112724678_iOS_jpg48_otsu.png;C:\Users\Gnanasekar\Downloads\MODELS\Digit_Upright\ALL_UPRIGHT\ocr_debug_images\20250814_112724678_iOS_jpg48_inv_otsu.png;C:\Users\Gnanasekar\Downloads\MODELS\Digit_Upright\ALL_UPRIGHT\ocr_debug_images\20250814_112724678_iOS_jpg48_adapt_mean.png;C:\Users\Gnanasekar\Downloads\MODELS\Digit_Upright\ALL_UPRIGHT\ocr_debug_images\20250814_112724678_iOS_jpg48_adapt_gauss.png;C:\Users\Gnanasekar\Downloads\MODELS\Digit_Upright\ALL_UPRIGHT\ocr_debug_images\20250814_112724678_iOS_jpg48_adapt_mean_inv.png;C:\Users\Gnanasekar\Downloads\MODELS\Digit_Upright\ALL_UPRIGHT\ocr_debug_images\20250814_112724678_iOS_jpg48_adapt_gauss_inv.png;C:\Users\Gnanasekar\Downloads\MODELS\Digit_Upright\ALL_UPRIGHT\ocr_debug_images\20250814_112724678_iOS_jpg48_ann.png
20250814_112724678_iOS_jpg51.jpg,,0.0,none,C:\Users\Gnanasekar\Downloads\MODELS\Digit_Upright\ALL_UPRIGHT\ocr_debug_images\20250814_112724678_iOS_jpg51_orig.png;C:\Users\Gnanasekar\Downloads\MODELS\Digit_Upright\ALL_UPRIGHT\ocr_debug_images\20250814_112724678_iOS_jpg51_gray.png;C:\Users\Gnanasekar\Downloads\MODELS\Digit_Upright\ALL_UPRIGHT\ocr_debug_images\20250814_112724678_iOS_jpg51_otsu.png;C:\Users\Gnanasekar\Downloads\MODELS\Digit_Upright\ALL_UPRIGHT\ocr_debug_images\20250814_112724678_iOS_jpg51_inv_otsu.png;C:\Users\Gnanasekar\Downloads\MODELS\Digit_Upright\ALL_UPRIGHT\ocr_debug_images\20250814_112724678_iOS_jpg51_adapt_mean.png;C:\Users\Gnanasekar\Downloads\MODELS\Digit_Upright\ALL_UPRIGHT\ocr_debug_images\20250814_112724678_iOS_jpg51_adapt_gauss.png;C:\Users\Gnanasekar\Downloads\MODELS\Digit_Upright\ALL_UPRIGHT\ocr_debug_images\20250814_112724678_iOS_jpg51_adapt_mean_inv.png;C:\Users\Gnanasekar\Downloads\MODELS\Digit_Upright\ALL_UPRIGHT\ocr_debug_images\20250814_112724678_iOS_jpg51_adapt_gauss_inv.png;C:\Users\Gnanasekar\Downloads\MODELS\Digit_Upright\ALL_UPRIGHT\ocr_debug_images\20250814_112724678_iOS_jpg51_ann.png
20250814_112727587_iOS_jpg12.jpg,,0.0,none,C:\Users\Gnanasekar\Downloads\MODELS\Digit_Upright\ALL_UPRIGHT\ocr_debug_images\20250814_112727587_iOS_jpg12_orig.png;C:\Users\Gnanasekar\Downloads\MODELS\Digit_Upright\ALL_UPRIGHT\ocr_debug_images\20250814_112727587_iOS_jpg12_gray.png;C:\Users\Gnanasekar\Downloads\MODELS\Digit_Upright\ALL_UPRIGHT\ocr_debug_images\20250814_112727587_iOS_jpg12_otsu.png;C:\Users\Gnanasekar\Downloads\MODELS\Digit_Upright\ALL_UPRIGHT\ocr_debug_images\20250814_112727587_iOS_jpg12_inv_otsu.png;C:\Users\Gnanasekar\Downloads\MODELS\Digit_Upright\ALL_UPRIGHT\ocr_debug_images\20250814_112727587_iOS_jpg12_adapt_mean.png;C:\Users\Gnanasekar\Downloads\MODELS\Digit_Upright\ALL_UPRIGHT\ocr_debug_images\20250814_112727587_iOS_jpg12_adapt_gauss.png;C:\Users\Gnanasekar\Downloads\MODELS\Digit_Upright\ALL_UPRIGHT\ocr_debug_images\20250814_112727587_iOS_jpg12_adapt_mean_inv.png;C:\Users\Gnanasekar\Downloads\MODELS\Digit_Upright\ALL_UPRIGHT\ocr_debug_images\20250814_112727587_iOS_jpg12_adapt_gauss_inv.png;C:\Users\Gnanasekar\Downloads\MODELS\Digit_Upright\ALL_UPRIGHT\ocr_debug_images\20250814_112727587_iOS_jpg12_ann.png
20250814_112727587_iOS_jpg2.jpg,,0.0,none,C:\Users\Gnanasekar\Downloads\MODELS\Digit_Upright\ALL_UPRIGHT\ocr_debug_images\20250814_112727587_iOS_jpg2_orig.png;C:\Users\Gnanasekar\Downloads\MODELS\Digit_Upright\ALL_UPRIGHT\ocr_debug_images\20250814_112727587_iOS_jpg2_gray.png;C:\Users\Gnanasekar\Downloads\MODELS\Digit_Upright\ALL_UPRIGHT\ocr_debug_images\20250814_112727587_iOS_jpg2_otsu.png;C:\Users\Gnanasekar\Downloads\MODELS\Digit_Upright\ALL_UPRIGHT\ocr_debug_images\20250814_112727587_iOS_jpg2_inv_otsu.png;C:\Users\Gnanasekar\Downloads\MODELS\Digit_Upright\ALL_UPRIGHT\ocr_debug_images\20250814_112727587_iOS_jpg2_adapt_mean.png;C:\Users\Gnanasekar\Downloads\MODELS\Digit_Upright\ALL_UPRIGHT\ocr_debug_images\20250814_112727587_iOS_jpg2_adapt_gauss.png;C:\Users\Gnanasekar\Downloads\MODELS\Digit_Upright\ALL_UPRIGHT\ocr_debug_images\20250814_112727587_iOS_jpg2_adapt_mean_inv.png;C:\Users\Gnanasekar\Downloads\MODELS\Digit_Upright\ALL_UPRIGHT\ocr_debug_images\20250814_112727587_iOS_jpg2_adapt_gauss_inv.png;C:\Users\Gnanasekar\Downloads\MODELS\Digit_Upright\ALL_UPRIGHT\ocr_debug_images\20250814_112727587_iOS_jpg2_ann.png
20250814_112727587_iOS_jpg26.jpg,,0.0,none,C:\Users\Gnanasekar\Downloads\MODELS\Digit_Upright\ALL_UPRIGHT\ocr_debug_images\20250814_112727587_iOS_jpg26_orig.png;C:\Users\Gnanasekar\Downloads\MODELS\Digit_Upright\ALL_UPRIGHT\ocr_debug_images\20250814_112727587_iOS_jpg26_gray.png;C:\Users\Gnanasekar\Downloads\MODELS\Digit_Upright\ALL_UPRIGHT\ocr_debug_images\20250814_112727587_iOS_jpg26_otsu.png;C:\Users\Gnanasekar\Downloads\MODELS\Digit_Upright\ALL_UPRIGHT\ocr_debug_images\20250814_112727587_iOS_jpg26_inv_otsu.png;C:\Users\Gnanasekar\Downloads\MODELS\Digit_Upright\ALL_UPRIGHT\ocr_debug_images\20250814_112727587_iOS_jpg26_adapt_mean.png;C:\Users\Gnanasekar\Downloads\MODELS\Digit_Upright\ALL_UPRIGHT\ocr_debug_images\20250814_112727587_iOS_jpg26_adapt_gauss.png;C:\Users\Gnanasekar\Downloads\MODELS\Digit_Upright\ALL_UPRIGHT\ocr_debug_images\20250814_112727587_iOS_jpg26_adapt_mean_inv.png;C:\Users\Gnanasekar\Downloads\MODELS\Digit_Upright\ALL_UPRIGHT\ocr_debug_images\20250814_112727587_iOS_jpg26_adapt_gauss_inv.png;C:\Users\Gnanasekar\Downloads\MODELS\Digit_Upright\ALL_UPRIGHT\ocr_debug_images\20250814_112727587_iOS_jpg26_ann.png
20250814_112727587_iOS_jpg28.jpg,,0.0,none,C:\Users\Gnanasekar\Downloads\MODELS\Digit_Upright\ALL_UPRIGHT\ocr_debug_images\20250814_112727587_iOS_jpg28_orig.png;C:\Users\Gnanasekar\Downloads\MODELS\Digit_Upright\ALL_UPRIGHT\ocr_debug_images\20250814_112727587_iOS_jpg28_gray.png;C:\Users\Gnanasekar\Downloads\MODELS\Digit_Upright\ALL_UPRIGHT\ocr_debug_images\20250814_112727587_iOS_jpg28_otsu.png;C:\Users\Gnanasekar\Downloads\MODELS\Digit_Upright\ALL_UPRIGHT\ocr_debug_images\20250814_112727587_iOS_jpg28_inv_otsu.png;C:\Users\Gnanasekar\Downloads\MODELS\Digit_Upright\ALL_UPRIGHT\ocr_debug_images\20250814_112727587_iOS_jpg28_adapt_mean.png;C:\Users\Gnanasekar\Downloads\MODELS\Digit_Upright\ALL_UPRIGHT\ocr_debug_images\20250814_112727587_iOS_jpg28_adapt_gauss.png;C:\Users\Gnanasekar\Downloads\MODELS\Digit_Upright\ALL_UPRIGHT\ocr_debug_images\20250814_112727587_iOS_jpg28_adapt_mean_inv.png;C:\Users\Gnanasekar\Downloads\MODELS\Digit_Upright\ALL_UPRIGHT\ocr_debug_images\20250814_112727587_iOS_jpg28_adapt_gauss_inv.png;C:\Users\Gnanasekar\Downloads\MODELS\Digit_Upright\ALL_UPRIGHT\ocr_debug_images\20250814_112727587_iOS_jpg28_ann.png
20250814_112727587_iOS_jpg29.jpg,,0.0,none,C:\Users\Gnanasekar\Downloads\MODELS\Digit_Upright\ALL_UPRIGHT\ocr_debug_images\20250814_112727587_iOS_jpg29_orig.png;C:\Users\Gnanasekar\Downloads\MODELS\Digit_Upright\ALL_UPRIGHT\ocr_debug_images\20250814_112727587_iOS_jpg29_gray.png;C:\Users\Gnanasekar\Downloads\MODELS\Digit_Upright\ALL_UPRIGHT\ocr_debug_images\20250814_112727587_iOS_jpg29_otsu.png;C:\Users\Gnanasekar\Downloads\MODELS\Digit_Upright\ALL_UPRIGHT\ocr_debug_images\20250814_112727587_iOS_jpg29_inv_otsu.png;C:\Users\Gnanasekar\Downloads\MODELS\Digit_Upright\ALL_UPRIGHT\ocr_debug_images\20250814_112727587_iOS_jpg29_adapt_mean.png;C:\Users\Gnanasekar\Downloads\MODELS\Digit_Upright\ALL_UPRIGHT\ocr_debug_images\20250814_112727587_iOS_jpg29_adapt_gauss.png;C:\Users\Gnanasekar\Downloads\MODELS\Digit_Upright\ALL_UPRIGHT\ocr_debug_images\20250814_112727587_iOS_jpg29_adapt_mean_inv.png;C:\Users\Gnanasekar\Downloads\MODELS\Digit_Upright\ALL_UPRIGHT\ocr_debug_images\20250814_112727587_iOS_jpg29_adapt_gauss_inv.png;C:\Users\Gnanasekar\Downloads\MODELS\Digit_Upright\ALL_UPRIGHT\ocr_debug_images\20250814_112727587_iOS_jpg29_ann.png
20250814_112727587_iOS_jpg4.jpg,,0.0,none,C:\Users\Gnanasekar\Downloads\MODELS\Digit_Upright\ALL_UPRIGHT\ocr_debug_images\20250814_112727587_iOS_jpg4_orig.png;C:\Users\Gnanasekar\Downloads\MODELS\Digit_Upright\ALL_UPRIGHT\ocr_debug_images\20250814_112727587_iOS_jpg4_gray.png;C:\Users\Gnanasekar\Downloads\MODELS\Digit_Upright\ALL_UPRIGHT\ocr_debug_images\20250814_112727587_iOS_jpg4_otsu.png;C:\Users\Gnanasekar\Downloads\MODELS\Digit_Upright\ALL_UPRIGHT\ocr_debug_images\20250814_112727587_iOS_jpg4_inv_otsu.png;C:\Users\Gnanasekar\Downloads\MODELS\Digit_Upright\ALL_UPRIGHT\ocr_debug_images\20250814_112727587_iOS_jpg4_adapt_mean.png;C:\Users\Gnanasekar\Downloads\MODELS\Digit_Upright\ALL_UPRIGHT\ocr_debug_images\20250814_112727587_iOS_jpg4_adapt_gauss.png;C:\Users\Gnanasekar\Downloads\MODELS\Digit_Upright\ALL_UPRIGHT\ocr_debug_images\20250814_112727587_iOS_jpg4_adapt_mean_inv.png;C:\Users\Gnanasekar\Downloads\MODELS\Digit_Upright\ALL_UPRIGHT\ocr_debug_images\20250814_112727587_iOS_jpg4_adapt_gauss_inv.png;C:\Users\Gnanasekar\Downloads\MODELS\Digit_Upright\ALL_UPRIGHT\ocr_debug_images\20250814_112727587_iOS_jpg4_ann.png
20250814_112727587_iOS_jpg6.jpg,,0.0,none,C:\Users\Gnanasekar\Downloads\MODELS\Digit_Upright\ALL_UPRIGHT\ocr_debug_images\20250814_112727587_iOS_jpg6_orig.png;C:\Users\Gnanasekar\Downloads\MODELS\Digit_Upright\ALL_UPRIGHT\ocr_debug_images\20250814_112727587_iOS_jpg6_gray.png;C:\Users\Gnanasekar\Downloads\MODELS\Digit_Upright\ALL_UPRIGHT\ocr_debug_images\20250814_112727587_iOS_jpg6_otsu.png;C:\Users\Gnanasekar\Downloads\MODELS\Digit_Upright\ALL_UPRIGHT\ocr_debug_images\20250814_112727587_iOS_jpg6_inv_otsu.png;C:\Users\Gnanasekar\Downloads\MODELS\Digit_Upright\ALL_UPRIGHT\ocr_debug_images\20250814_112727587_iOS_jpg6_adapt_mean.png;C:\Users\Gnanasekar\Downloads\MODELS\Digit_Upright\ALL_UPRIGHT\ocr_debug_images\20250814_112727587_iOS_jpg6_adapt_gauss.png;C:\Users\Gnanasekar\Downloads\MODELS\Digit_Upright\ALL_UPRIGHT\ocr_debug_images\20250814_112727587_iOS_jpg6_adapt_mean_inv.png;C:\Users\Gnanasekar\Downloads\MODELS\Digit_Upright\ALL_UPRIGHT\ocr_debug_images\20250814_112727587_iOS_jpg6_adapt_gauss_inv.png;C:\Users\Gnanasekar\Downloads\MODELS\Digit_Upright\ALL_UPRIGHT\ocr_debug_images\20250814_112727587_iOS_jpg6_ann.png
20250814_112727587_iOS_jpg83.jpg,,0.0,none,C:\Users\Gnanasekar\Downloads\MODELS\Digit_Upright\ALL_UPRIGHT\ocr_debug_images\20250814_112727587_iOS_jpg83_orig.png;C:\Users\Gnanasekar\Downloads\MODELS\Digit_Upright\ALL_UPRIGHT\ocr_debug_images\20250814_112727587_iOS_jpg83_gray.png;C:\Users\Gnanasekar\Downloads\MODELS\Digit_Upright\ALL_UPRIGHT\ocr_debug_images\20250814_112727587_iOS_jpg83_otsu.png;C:\Users\Gnanasekar\Downloads\MODELS\Digit_Upright\ALL_UPRIGHT\ocr_debug_images\20250814_112727587_iOS_jpg83_inv_otsu.png;C:\Users\Gnanasekar\Downloads\MODELS\Digit_Upright\ALL_UPRIGHT\ocr_debug_images\20250814_112727587_iOS_jpg83_adapt_mean.png;C:\Users\Gnanasekar\Downloads\MODELS\Digit_Upright\ALL_UPRIGHT\ocr_debug_images\20250814_112727587_iOS_jpg83_adapt_gauss.png;C:\Users\Gnanasekar\Downloads\MODELS\Digit_Upright\ALL_UPRIGHT\ocr_debug_images\20250814_112727587_iOS_jpg83_adapt_mean_inv.png;C:\Users\Gnanasekar\Downloads\MODELS\Digit_Upright\ALL_UPRIGHT\ocr_debug_images\20250814_112727587_iOS_jpg83_adapt_gauss_inv.png;C:\Users\Gnanasekar\Downloads\MODELS\Digit_Upright\ALL_UPRIGHT\ocr_debug_images\20250814_112727587_iOS_jpg83_ann.png
20250814_112727587_iOS_jpg85.jpg,,0.0,none,C:\Users\Gnanasekar\Downloads\MODELS\Digit_Upright\ALL_UPRIGHT\ocr_debug_images\20250814_112727587_iOS_jpg85_orig.png;C:\Users\Gnanasekar\Downloads\MODELS\Digit_Upright\ALL_UPRIGHT\ocr_debug_images\20250814_112727587_iOS_jpg85_gray.png;C:\Users\Gnanasekar\Downloads\MODELS\Digit_Upright\ALL_UPRIGHT\ocr_debug_images\20250814_112727587_iOS_jpg85_otsu.png;C:\Users\Gnanasekar\Downloads\MODELS\Digit_Upright\ALL_UPRIGHT\ocr_debug_images\20250814_112727587_iOS_jpg85_inv_otsu.png;C:\Users\Gnanasekar\Downloads\MODELS\Digit_Upright\ALL_UPRIGHT\ocr_debug_images\20250814_112727587_iOS_jpg85_adapt_mean.png;C:\Users\Gnanasekar\Downloads\MODELS\Digit_Upright\ALL_UPRIGHT\ocr_debug_images\20250814_112727587_iOS_jpg85_adapt_gauss.png;C:\Users\Gnanasekar\Downloads\MODELS\Digit_Upright\ALL_UPRIGHT\ocr_debug_images\20250814_112727587_iOS_jpg85_adapt_mean_inv.png;C:\Users\Gnanasekar\Downloads\MODELS\Digit_Upright\ALL_UPRIGHT\ocr_debug_images\20250814_112727587_iOS_jpg85_adapt_gauss_inv.png;C:\Users\Gnanasekar\Downloads\MODELS\Digit_Upright\ALL_UPRIGHT\ocr_debug_images\20250814_112727587_iOS_jpg85_ann.png
20250814_112805149_iOS_jpg19.jpg,,0.0,none,C:\Users\Gnanasekar\Downloads\MODELS\Digit_Upright\ALL_UPRIGHT\ocr_debug_images\20250814_112805149_iOS_jpg19_orig.png;C:\Users\Gnanasekar\Downloads\MODELS\Digit_Upright\ALL_UPRIGHT\ocr_debug_images\20250814_112805149_iOS_jpg19_gray.png;C:\Users\Gnanasekar\Downloads\MODELS\Digit_Upright\ALL_UPRIGHT\ocr_debug_images\20250814_112805149_iOS_jpg19_otsu.png;C:\Users\Gnanasekar\Downloads\MODELS\Digit_Upright\ALL_UPRIGHT\ocr_debug_images\20250814_112805149_iOS_jpg19_inv_otsu.png;C:\Users\Gnanasekar\Downloads\MODELS\Digit_Upright\ALL_UPRIGHT\ocr_debug_images\20250814_112805149_iOS_jpg19_adapt_mean.png;C:\Users\Gnanasekar\Downloads\MODELS\Digit_Upright\ALL_UPRIGHT\ocr_debug_images\20250814_112805149_iOS_jpg19_adapt_gauss.png;C:\Users\Gnanasekar\Downloads\MODELS\Digit_Upright\ALL_UPRIGHT\ocr_debug_images\20250814_112805149_iOS_jpg19_adapt_mean_inv.png;C:\Users\Gnanasekar\Downloads\MODELS\Digit_Upright\ALL_UPRIGHT\ocr_debug_images\20250814_112805149_iOS_jpg19_adapt_gauss_inv.png;C:\Users\Gnanasekar\Downloads\MODELS\Digit_Upright\ALL_UPRIGHT\ocr_debug_images\20250814_112805149_iOS_jpg19_ann.png
20250814_112805149_iOS_jpg21.jpg,,0.0,none,C:\Users\Gnanasekar\Downloads\MODELS\Digit_Upright\ALL_UPRIGHT\ocr_debug_images\20250814_112805149_iOS_jpg21_orig.png;C:\Users\Gnanasekar\Downloads\MODELS\Digit_Upright\ALL_UPRIGHT\ocr_debug_images\20250814_112805149_iOS_jpg21_gray.png;C:\Users\Gnanasekar\Downloads\MODELS\Digit_Upright\ALL_UPRIGHT\ocr_debug_images\20250814_112805149_iOS_jpg21_otsu.png;C:\Users\Gnanasekar\Downloads\MODELS\Digit_Upright\ALL_UPRIGHT\ocr_debug_images\20250814_112805149_iOS_jpg21_inv_otsu.png;C:\Users\Gnanasekar\Downloads\MODELS\Digit_Upright\ALL_UPRIGHT\ocr_debug_images\20250814_112805149_iOS_jpg21_adapt_mean.png;C:\Users\Gnanasekar\Downloads\MODELS\Digit_Upright\ALL_UPRIGHT\ocr_debug_images\20250814_112805149_iOS_jpg21_adapt_gauss.png;C:\Users\Gnanasekar\Downloads\MODELS\Digit_Upright\ALL_UPRIGHT\ocr_debug_images\20250814_112805149_iOS_jpg21_adapt_mean_inv.png;C:\Users\Gnanasekar\Downloads\MODELS\Digit_Upright\ALL_UPRIGHT\ocr_debug_images\20250814_112805149_iOS_jpg21_adapt_gauss_inv.png;C:\Users\Gnanasekar\Downloads\MODELS\Digit_Upright\ALL_UPRIGHT\ocr_debug_images\20250814_112805149_iOS_jpg21_ann.png
20250814_112805149_iOS_jpg22.jpg,,0.0,none,C:\Users\Gnanasekar\Downloads\MODELS\Digit_Upright\ALL_UPRIGHT\ocr_debug_images\20250814_112805149_iOS_jpg22_orig.png;C:\Users\Gnanasekar\Downloads\MODELS\Digit_Upright\ALL_UPRIGHT\ocr_debug_images\20250814_112805149_iOS_jpg22_gray.png;C:\Users\Gnanasekar\Downloads\MODELS\Digit_Upright\ALL_UPRIGHT\ocr_debug_images\20250814_112805149_iOS_jpg22_otsu.png;C:\Users\Gnanasekar\Downloads\MODELS\Digit_Upright\ALL_UPRIGHT\ocr_debug_images\20250814_112805149_iOS_jpg22_inv_otsu.png;C:\Users\Gnanasekar\Downloads\MODELS\Digit_Upright\ALL_UPRIGHT\ocr_debug_images\20250814_112805149_iOS_jpg22_adapt_mean.png;C:\Users\Gnanasekar\Downloads\MODELS\Digit_Upright\ALL_UPRIGHT\ocr_debug_images\20250814_112805149_iOS_jpg22_adapt_gauss.png;C:\Users\Gnanasekar\Downloads\MODELS\Digit_Upright\ALL_UPRIGHT\ocr_debug_images\20250814_112805149_iOS_jpg22_adapt_mean_inv.png;C:\Users\Gnanasekar\Downloads\MODELS\Digit_Upright\ALL_UPRIGHT\ocr_debug_images\20250814_112805149_iOS_jpg22_adapt_gauss_inv.png;C:\Users\Gnanasekar\Downloads\MODELS\Digit_Upright\ALL_UPRIGHT\ocr_debug_images\20250814_112805149_iOS_jpg22_ann.png
20250814_112806955_iOS_jpg.jpg,,0.0,none,C:\Users\Gnanasekar\Downloads\MODELS\Digit_Upright\ALL_UPRIGHT\ocr_debug_images\20250814_112806955_iOS_jpg_orig.png;C:\Users\Gnanasekar\Downloads\MODELS\Digit_Upright\ALL_UPRIGHT\ocr_debug_images\20250814_112806955_iOS_jpg_gray.png;C:\Users\Gnanasekar\Downloads\MODELS\Digit_Upright\ALL_UPRIGHT\ocr_debug_images\20250814_112806955_iOS_jpg_otsu.png;C:\Users\Gnanasekar\Downloads\MODELS\Digit_Upright\ALL_UPRIGHT\ocr_debug_images\20250814_112806955_iOS_jpg_inv_otsu.png;C:\Users\Gnanasekar\Downloads\MODELS\Digit_Upright\ALL_UPRIGHT\ocr_debug_images\20250814_112806955_iOS_jpg_adapt_mean.png;C:\Users\Gnanasekar\Downloads\MODELS\Digit_Upright\ALL_UPRIGHT\ocr_debug_images\20250814_112806955_iOS_jpg_adapt_gauss.png;C:\Users\Gnanasekar\Downloads\MODELS\Digit_Upright\ALL_UPRIGHT\ocr_debug_images\20250814_112806955_iOS_jpg_adapt_mean_inv.png;C:\Users\Gnanasekar\Downloads\MODELS\Digit_Upright\ALL_UPRIGHT\ocr_debug_images\20250814_112806955_iOS_jpg_adapt_gauss_inv.png;C:\Users\Gnanasekar\Downloads\MODELS\Digit_Upright\ALL_UPRIGHT\ocr_debug_images\20250814_112806955_iOS_jpg_ann.png
20250814_112806955_iOS_jpg23.jpg,,0.0,none,C:\Users\Gnanasekar\Downloads\MODELS\Digit_Upright\ALL_UPRIGHT\ocr_debug_images\20250814_112806955_iOS_jpg23_orig.png;C:\Users\Gnanasekar\Downloads\MODELS\Digit_Upright\ALL_UPRIGHT\ocr_debug_images\20250814_112806955_iOS_jpg23_gray.png;C:\Users\Gnanasekar\Downloads\MODELS\Digit_Upright\ALL_UPRIGHT\ocr_debug_images\20250814_112806955_iOS_jpg23_otsu.png;C:\Users\Gnanasekar\Downloads\MODELS\Digit_Upright\ALL_UPRIGHT\ocr_debug_images\20250814_112806955_iOS_jpg23_inv_otsu.png;C:\Users\Gnanasekar\Downloads\MODELS\Digit_Upright\ALL_UPRIGHT\ocr_debug_images\20250814_112806955_iOS_jpg23_adapt_mean.png;C:\Users\Gnanasekar\Downloads\MODELS\Digit_Upright\ALL_UPRIGHT\ocr_debug_images\20250814_112806955_iOS_jpg23_adapt_gauss.png;C:\Users\Gnanasekar\Downloads\MODELS\Digit_Upright\ALL_UPRIGHT\ocr_debug_images\20250814_112806955_iOS_jpg23_adapt_mean_inv.png;C:\Users\Gnanasekar\Downloads\MODELS\Digit_Upright\ALL_UPRIGHT\ocr_debug_images\20250814_112806955_iOS_jpg23_adapt_gauss_inv.png;C:\Users\Gnanasekar\Downloads\MODELS\Digit_Upright\ALL_UPRIGHT\ocr_debug_images\20250814_112806955_iOS_jpg23_ann.png
20250814_112836924_iOS_jpg25.jpg,,0.0,none,C:\Users\Gnanasekar\Downloads\MODELS\Digit_Upright\ALL_UPRIGHT\ocr_debug_images\20250814_112836924_iOS_jpg25_orig.png;C:\Users\Gnanasekar\Downloads\MODELS\Digit_Upright\ALL_UPRIGHT\ocr_debug_images\20250814_112836924_iOS_jpg25_gray.png;C:\Users\Gnanasekar\Downloads\MODELS\Digit_Upright\ALL_UPRIGHT\ocr_debug_images\20250814_112836924_iOS_jpg25_otsu.png;C:\Users\Gnanasekar\Downloads\MODELS\Digit_Upright\ALL_UPRIGHT\ocr_debug_images\20250814_112836924_iOS_jpg25_inv_otsu.png;C:\Users\Gnanasekar\Downloads\MODELS\Digit_Upright\ALL_UPRIGHT\ocr_debug_images\20250814_112836924_iOS_jpg25_adapt_mean.png;C:\Users\Gnanasekar\Downloads\MODELS\Digit_Upright\ALL_UPRIGHT\ocr_debug_images\20250814_112836924_iOS_jpg25_adapt_gauss.png;C:\Users\Gnanasekar\Downloads\MODELS\Digit_Upright\ALL_UPRIGHT\ocr_debug_images\20250814_112836924_iOS_jpg25_adapt_mean_inv.png;C:\Users\Gnanasekar\Downloads\MODELS\Digit_Upright\ALL_UPRIGHT\ocr_debug_images\20250814_112836924_iOS_jpg25_adapt_gauss_inv.png;C:\Users\Gnanasekar\Downloads\MODELS\Digit_Upright\ALL_UPRIGHT\ocr_debug_images\20250814_112836924_iOS_jpg25_ann.png
20250814_112901673_iOS_jpg28.jpg,,0.0,none,C:\Users\Gnanasekar\Downloads\MODELS\Digit_Upright\ALL_UPRIGHT\ocr_debug_images\20250814_112901673_iOS_jpg28_orig.png;C:\Users\Gnanasekar\Downloads\MODELS\Digit_Upright\ALL_UPRIGHT\ocr_debug_images\20250814_112901673_iOS_jpg28_gray.png;C:\Users\Gnanasekar\Downloads\MODELS\Digit_Upright\ALL_UPRIGHT\ocr_debug_images\20250814_112901673_iOS_jpg28_otsu.png;C:\Users\Gnanasekar\Downloads\MODELS\Digit_Upright\ALL_UPRIGHT\ocr_debug_images\20250814_112901673_iOS_jpg28_inv_otsu.png;C:\Users\Gnanasekar\Downloads\MODELS\Digit_Upright\ALL_UPRIGHT\ocr_debug_images\20250814_112901673_iOS_jpg28_adapt_mean.png;C:\Users\Gnanasekar\Downloads\MODELS\Digit_Upright\ALL_UPRIGHT\ocr_debug_images\20250814_112901673_iOS_jpg28_adapt_gauss.png;C:\Users\Gnanasekar\Downloads\MODELS\Digit_Upright\ALL_UPRIGHT\ocr_debug_images\20250814_112901673_iOS_jpg28_adapt_mean_inv.png;C:\Users\Gnanasekar\Downloads\MODELS\Digit_Upright\ALL_UPRIGHT\ocr_debug_images\20250814_112901673_iOS_jpg28_adapt_gauss_inv.png;C:\Users\Gnanasekar\Downloads\MODELS\Digit_Upright\ALL_UPRIGHT\ocr_debug_images\20250814_112901673_iOS_jpg28_ann.png
CIMG5646.jpg,,0.0,none,C:\Users\Gnanasekar\Downloads\MODELS\Digit_Upright\ALL_UPRIGHT\ocr_debug_images\CIMG5646_orig.png;C:\Users\Gnanasekar\Downloads\MODELS\Digit_Upright\ALL_UPRIGHT\ocr_debug_images\CIMG5646_gray.png;C:\Users\Gnanasekar\Downloads\MODELS\Digit_Upright\ALL_UPRIGHT\ocr_debug_images\CIMG5646_otsu.png;C:\Users\Gnanasekar\Downloads\MODELS\Digit_Upright\ALL_UPRIGHT\ocr_debug_images\CIMG5646_inv_otsu.png;C:\Users\Gnanasekar\Downloads\MODELS\Digit_Upright\ALL_UPRIGHT\ocr_debug_images\CIMG5646_adapt_mean.png;C:\Users\Gnanasekar\Downloads\MODELS\Digit_Upright\ALL_UPRIGHT\ocr_debug_images\CIMG5646_adapt_gauss.png;C:\Users\Gnanasekar\Downloads\MODELS\Digit_Upright\ALL_UPRIGHT\ocr_debug_images\CIMG5646_adapt_mean_inv.png;C:\Users\Gnanasekar\Downloads\MODELS\Digit_Upright\ALL_UPRIGHT\ocr_debug_images\CIMG5646_adapt_gauss_inv.png;C:\Users\Gnanasekar\Downloads\MODELS\Digit_Upright\ALL_UPRIGHT\ocr_debug_images\CIMG5646_ann.png
Image-2-_jpg3.jpg,,0.0,none,C:\Users\Gnanasekar\Downloads\MODELS\Digit_Upright\ALL_UPRIGHT\ocr_debug_images\Image-2-_jpg3_orig.png;C:\Users\Gnanasekar\Downloads\MODELS\Digit_Upright\ALL_UPRIGHT\ocr_debug_images\Image-2-_jpg3_gray.png;C:\Users\Gnanasekar\Downloads\MODELS\Digit_Upright\ALL_UPRIGHT\ocr_debug_images\Image-2-_jpg3_otsu.png;C:\Users\Gnanasekar\Downloads\MODELS\Digit_Upright\ALL_UPRIGHT\ocr_debug_images\Image-2-_jpg3_inv_otsu.png;C:\Users\Gnanasekar\Downloads\MODELS\Digit_Upright\ALL_UPRIGHT\ocr_debug_images\Image-2-_jpg3_adapt_mean.png;C:\Users\Gnanasekar\Downloads\MODELS\Digit_Upright\ALL_UPRIGHT\ocr_debug_images\Image-2-_jpg3_adapt_gauss.png;C:\Users\Gnanasekar\Downloads\MODELS\Digit_Upright\ALL_UPRIGHT\ocr_debug_images\Image-2-_jpg3_adapt_mean_inv.png;C:\Users\Gnanasekar\Downloads\MODELS\Digit_Upright\ALL_UPRIGHT\ocr_debug_images\Image-2-_jpg3_adapt_gauss_inv.png;C:\Users\Gnanasekar\Downloads\MODELS\Digit_Upright\ALL_UPRIGHT\ocr_debug_images\Image-2-_jpg3_ann.png
Image-21-_jpg13.jpg,,0.0,none,C:\Users\Gnanasekar\Downloads\MODELS\Digit_Upright\ALL_UPRIGHT\ocr_debug_images\Image-21-_jpg13_orig.png;C:\Users\Gnanasekar\Downloads\MODELS\Digit_Upright\ALL_UPRIGHT\ocr_debug_images\Image-21-_jpg13_gray.png;C:\Users\Gnanasekar\Downloads\MODELS\Digit_Upright\ALL_UPRIGHT\ocr_debug_images\Image-21-_jpg13_otsu.png;C:\Users\Gnanasekar\Downloads\MODELS\Digit_Upright\ALL_UPRIGHT\ocr_debug_images\Image-21-_jpg13_inv_otsu.png;C:\Users\Gnanasekar\Downloads\MODELS\Digit_Upright\ALL_UPRIGHT\ocr_debug_images\Image-21-_jpg13_adapt_mean.png;C:\Users\Gnanasekar\Downloads\MODELS\Digit_Upright\ALL_UPRIGHT\ocr_debug_images\Image-21-_jpg13_adapt_gauss.png;C:\Users\Gnanasekar\Downloads\MODELS\Digit_Upright\ALL_UPRIGHT\ocr_debug_images\Image-21-_jpg13_adapt_mean_inv.png;C:\Users\Gnanasekar\Downloads\MODELS\Digit_Upright\ALL_UPRIGHT\ocr_debug_images\Image-21-_jpg13_adapt_gauss_inv.png;C:\Users\Gnanasekar\Downloads\MODELS\Digit_Upright\ALL_UPRIGHT\ocr_debug_images\Image-21-_jpg13_ann.png
Image-21-_jpg14.jpg,,0.0,none,C:\Users\Gnanasekar\Downloads\MODELS\Digit_Upright\ALL_UPRIGHT\ocr_debug_images\Image-21-_jpg14_orig.png;C:\Users\Gnanasekar\Downloads\MODELS\Digit_Upright\ALL_UPRIGHT\ocr_debug_images\Image-21-_jpg14_gray.png;C:\Users\Gnanasekar\Downloads\MODELS\Digit_Upright\ALL_UPRIGHT\ocr_debug_images\Image-21-_jpg14_otsu.png;C:\Users\Gnanasekar\Downloads\MODELS\Digit_Upright\ALL_UPRIGHT\ocr_debug_images\Image-21-_jpg14_inv_otsu.png;C:\Users\Gnanasekar\Downloads\MODELS\Digit_Upright\ALL_UPRIGHT\ocr_debug_images\Image-21-_jpg14_adapt_mean.png;C:\Users\Gnanasekar\Downloads\MODELS\Digit_Upright\ALL_UPRIGHT\ocr_debug_images\Image-21-_jpg14_adapt_gauss.png;C:\Users\Gnanasekar\Downloads\MODELS\Digit_Upright\ALL_UPRIGHT\ocr_debug_images\Image-21-_jpg14_adapt_mean_inv.png;C:\Users\Gnanasekar\Downloads\MODELS\Digit_Upright\ALL_UPRIGHT\ocr_debug_images\Image-21-_jpg14_adapt_gauss_inv.png;C:\Users\Gnanasekar\Downloads\MODELS\Digit_Upright\ALL_UPRIGHT\ocr_debug_images\Image-21-_jpg14_ann.png
Image-6-_jpg10.jpg,,0.0,none,C:\Users\Gnanasekar\Downloads\MODELS\Digit_Upright\ALL_UPRIGHT\ocr_debug_images\Image-6-_jpg10_orig.png;C:\Users\Gnanasekar\Downloads\MODELS\Digit_Upright\ALL_UPRIGHT\ocr_debug_images\Image-6-_jpg10_gray.png;C:\Users\Gnanasekar\Downloads\MODELS\Digit_Upright\ALL_UPRIGHT\ocr_debug_images\Image-6-_jpg10_otsu.png;C:\Users\Gnanasekar\Downloads\MODELS\Digit_Upright\ALL_UPRIGHT\ocr_debug_images\Image-6-_jpg10_inv_otsu.png;C:\Users\Gnanasekar\Downloads\MODELS\Digit_Upright\ALL_UPRIGHT\ocr_debug_images\Image-6-_jpg10_adapt_mean.png;C:\Users\Gnanasekar\Downloads\MODELS\Digit_Upright\ALL_UPRIGHT\ocr_debug_images\Image-6-_jpg10_adapt_gauss.png;C:\Users\Gnanasekar\Downloads\MODELS\Digit_Upright\ALL_UPRIGHT\ocr_debug_images\Image-6-_jpg10_adapt_mean_inv.png;C:\Users\Gnanasekar\Downloads\MODELS\Digit_Upright\ALL_UPRIGHT\ocr_debug_images\Image-6-_jpg10_adapt_gauss_inv.png;C:\Users\Gnanasekar\Downloads\MODELS\Digit_Upright\ALL_UPRIGHT\ocr_debug_images\Image-6-_jpg10_ann.png
Image-6-_jpg11.jpg,,0.0,none,C:\Users\Gnanasekar\Downloads\MODELS\Digit_Upright\ALL_UPRIGHT\ocr_debug_images\Image-6-_jpg11_orig.png;C:\Users\Gnanasekar\Downloads\MODELS\Digit_Upright\ALL_UPRIGHT\ocr_debug_images\Image-6-_jpg11_gray.png;C:\Users\Gnanasekar\Downloads\MODELS\Digit_Upright\ALL_UPRIGHT\ocr_debug_images\Image-6-_jpg11_otsu.png;C:\Users\Gnanasekar\Downloads\MODELS\Digit_Upright\ALL_UPRIGHT\ocr_debug_images\Image-6-_jpg11_inv_otsu.png;C:\Users\Gnanasekar\Downloads\MODELS\Digit_Upright\ALL_UPRIGHT\ocr_debug_images\Image-6-_jpg11_adapt_mean.png;C:\Users\Gnanasekar\Downloads\MODELS\Digit_Upright\ALL_UPRIGHT\ocr_debug_images\Image-6-_jpg11_adapt_gauss.png;C:\Users\Gnanasekar\Downloads\MODELS\Digit_Upright\ALL_UPRIGHT\ocr_debug_images\Image-6-_jpg11_adapt_mean_inv.png;C:\Users\Gnanasekar\Downloads\MODELS\Digit_Upright\ALL_UPRIGHT\ocr_debug_images\Image-6-_jpg11_adapt_gauss_inv.png;C:\Users\Gnanasekar\Downloads\MODELS\Digit_Upright\ALL_UPRIGHT\ocr_debug_images\Image-6-_jpg11_ann.png
Image-6-_jpg13.jpg,,0.0,none,C:\Users\Gnanasekar\Downloads\MODELS\Digit_Upright\ALL_UPRIGHT\ocr_debug_images\Image-6-_jpg13_orig.png;C:\Users\Gnanasekar\Downloads\MODELS\Digit_Upright\ALL_UPRIGHT\ocr_debug_images\Image-6-_jpg13_gray.png;C:\Users\Gnanasekar\Downloads\MODELS\Digit_Upright\ALL_UPRIGHT\ocr_debug_images\Image-6-_jpg13_otsu.png;C:\Users\Gnanasekar\Downloads\MODELS\Digit_Upright\ALL_UPRIGHT\ocr_debug_images\Image-6-_jpg13_inv_otsu.png;C:\Users\Gnanasekar\Downloads\MODELS\Digit_Upright\ALL_UPRIGHT\ocr_debug_images\Image-6-_jpg13_adapt_mean.png;C:\Users\Gnanasekar\Downloads\MODELS\Digit_Upright\ALL_UPRIGHT\ocr_debug_images\Image-6-_jpg13_adapt_gauss.png;C:\Users\Gnanasekar\Downloads\MODELS\Digit_Upright\ALL_UPRIGHT\ocr_debug_images\Image-6-_jpg13_adapt_mean_inv.png;C:\Users\Gnanasekar\Downloads\MODELS\Digit_Upright\ALL_UPRIGHT\ocr_debug_images\Image-6-_jpg13_adapt_gauss_inv.png;C:\Users\Gnanasekar\Downloads\MODELS\Digit_Upright\ALL_UPRIGHT\ocr_debug_images\Image-6-_jpg13_ann.png
Image-6-_jpg14.jpg,,0.0,none,C:\Users\Gnanasekar\Downloads\MODELS\Digit_Upright\ALL_UPRIGHT\ocr_debug_images\Image-6-_jpg14_orig.png;C:\Users\Gnanasekar\Downloads\MODELS\Digit_Upright\ALL_UPRIGHT\ocr_debug_images\Image-6-_jpg14_gray.png;C:\Users\Gnanasekar\Downloads\MODELS\Digit_Upright\ALL_UPRIGHT\ocr_debug_images\Image-6-_jpg14_otsu.png;C:\Users\Gnanasekar\Downloads\MODELS\Digit_Upright\ALL_UPRIGHT\ocr_debug_images\Image-6-_jpg14_inv_otsu.png;C:\Users\Gnanasekar\Downloads\MODELS\Digit_Upright\ALL_UPRIGHT\ocr_debug_images\Image-6-_jpg14_adapt_mean.png;C:\Users\Gnanasekar\Downloads\MODELS\Digit_Upright\ALL_UPRIGHT\ocr_debug_images\Image-6-_jpg14_adapt_gauss.png;C:\Users\Gnanasekar\Downloads\MODELS\Digit_Upright\ALL_UPRIGHT\ocr_debug_images\Image-6-_jpg14_adapt_mean_inv.png;C:\Users\Gnanasekar\Downloads\MODELS\Digit_Upright\ALL_UPRIGHT\ocr_debug_images\Image-6-_jpg14_adapt_gauss_inv.png;C:\Users\Gnanasekar\Downloads\MODELS\Digit_Upright\ALL_UPRIGHT\ocr_debug_images\Image-6-_jpg14_ann.png
Image-6-_jpg4.jpg,,0.0,none,C:\Users\Gnanasekar\Downloads\MODELS\Digit_Upright\ALL_UPRIGHT\ocr_debug_images\Image-6-_jpg4_orig.png;C:\Users\Gnanasekar\Downloads\MODELS\Digit_Upright\ALL_UPRIGHT\ocr_debug_images\Image-6-_jpg4_gray.png;C:\Users\Gnanasekar\Downloads\MODELS\Digit_Upright\ALL_UPRIGHT\ocr_debug_images\Image-6-_jpg4_otsu.png;C:\Users\Gnanasekar\Downloads\MODELS\Digit_Upright\ALL_UPRIGHT\ocr_debug_images\Image-6-_jpg4_inv_otsu.png;C:\Users\Gnanasekar\Downloads\MODELS\Digit_Upright\ALL_UPRIGHT\ocr_debug_images\Image-6-_jpg4_adapt_mean.png;C:\Users\Gnanasekar\Downloads\MODELS\Digit_Upright\ALL_UPRIGHT\ocr_debug_images\Image-6-_jpg4_adapt_gauss.png;C:\Users\Gnanasekar\Downloads\MODELS\Digit_Upright\ALL_UPRIGHT\ocr_debug_images\Image-6-_jpg4_adapt_mean_inv.png;C:\Users\Gnanasekar\Downloads\MODELS\Digit_Upright\ALL_UPRIGHT\ocr_debug_images\Image-6-_jpg4_adapt_gauss_inv.png;C:\Users\Gnanasekar\Downloads\MODELS\Digit_Upright\ALL_UPRIGHT\ocr_debug_images\Image-6-_jpg4_ann.png
Image-6-_jpg5.jpg,,0.0,none,C:\Users\Gnanasekar\Downloads\MODELS\Digit_Upright\ALL_UPRIGHT\ocr_debug_images\Image-6-_jpg5_orig.png;C:\Users\Gnanasekar\Downloads\MODELS\Digit_Upright\ALL_UPRIGHT\ocr_debug_images\Image-6-_jpg5_gray.png;C:\Users\Gnanasekar\Downloads\MODELS\Digit_Upright\ALL_UPRIGHT\ocr_debug_images\Image-6-_jpg5_otsu.png;C:\Users\Gnanasekar\Downloads\MODELS\Digit_Upright\ALL_UPRIGHT\ocr_debug_images\Image-6-_jpg5_inv_otsu.png;C:\Users\Gnanasekar\Downloads\MODELS\Digit_Upright\ALL_UPRIGHT\ocr_debug_images\Image-6-_jpg5_adapt_mean.png;C:\Users\Gnanasekar\Downloads\MODELS\Digit_Upright\ALL_UPRIGHT\ocr_debug_images\Image-6-_jpg5_adapt_gauss.png;C:\Users\Gnanasekar\Downloads\MODELS\Digit_Upright\ALL_UPRIGHT\ocr_debug_images\Image-6-_jpg5_adapt_mean_inv.png;C:\Users\Gnanasekar\Downloads\MODELS\Digit_Upright\ALL_UPRIGHT\ocr_debug_images\Image-6-_jpg5_adapt_gauss_inv.png;C:\Users\Gnanasekar\Downloads\MODELS\Digit_Upright\ALL_UPRIGHT\ocr_debug_images\Image-6-_jpg5_ann.png
Image-_22__jpg12.jpg,,0.0,none,C:\Users\Gnanasekar\Downloads\MODELS\Digit_Upright\ALL_UPRIGHT\ocr_debug_images\Image-_22__jpg12_orig.png;C:\Users\Gnanasekar\Downloads\MODELS\Digit_Upright\ALL_UPRIGHT\ocr_debug_images\Image-_22__jpg12_gray.png;C:\Users\Gnanasekar\Downloads\MODELS\Digit_Upright\ALL_UPRIGHT\ocr_debug_images\Image-_22__jpg12_otsu.png;C:\Users\Gnanasekar\Downloads\MODELS\Digit_Upright\ALL_UPRIGHT\ocr_debug_images\Image-_22__jpg12_inv_otsu.png;C:\Users\Gnanasekar\Downloads\MODELS\Digit_Upright\ALL_UPRIGHT\ocr_debug_images\Image-_22__jpg12_adapt_mean.png;C:\Users\Gnanasekar\Downloads\MODELS\Digit_Upright\ALL_UPRIGHT\ocr_debug_images\Image-_22__jpg12_adapt_gauss.png;C:\Users\Gnanasekar\Downloads\MODELS\Digit_Upright\ALL_UPRIGHT\ocr_debug_images\Image-_22__jpg12_adapt_mean_inv.png;C:\Users\Gnanasekar\Downloads\MODELS\Digit_Upright\ALL_UPRIGHT\ocr_debug_images\Image-_22__jpg12_adapt_gauss_inv.png;C:\Users\Gnanasekar\Downloads\MODELS\Digit_Upright\ALL_UPRIGHT\ocr_debug_images\Image-_22__jpg12_ann.png
